src_audio	tgt_audio
/root/autodl-tmp/CosyVoice_dev/examples/libritts/cosyvoice2/exp/cosyvoice/test_dpo_epoch_1/instruct/wangzhe_203_surprise_0.wav	/root/autodl-tmp/CosyVoice_dev/examples/libritts/cosyvoice2/data/m3ed/test/A_huanlesong_16_25.wav
/root/autodl-tmp/CosyVoice_dev/examples/libritts/cosyvoice2/exp/cosyvoice/test_dpo_epoch_1/instruct/zhaoquanyin_207_angry_0.wav	/root/autodl-tmp/CosyVoice_dev/examples/libritts/cosyvoice2/data/m3ed/test/A_huanlesong_5_15.wav
/root/autodl-tmp/CosyVoice_dev/examples/libritts/cosyvoice2/exp/cosyvoice/test_dpo_epoch_1/instruct/wangzhe_202_happy_0.wav	/root/autodl-tmp/CosyVoice_dev/examples/libritts/cosyvoice2/data/m3ed/test/A_huanlesong_10_29.wav
/root/autodl-tmp/CosyVoice_dev/examples/libritts/cosyvoice2/exp/cosyvoice/test_dpo_epoch_1/instruct/wangzhe_204_surprise_0.wav	/root/autodl-tmp/CosyVoice_dev/examples/libritts/cosyvoice2/data/m3ed/test/A_luohunshidai_11_18.wav
/root/autodl-tmp/CosyVoice_dev/examples/libritts/cosyvoice2/exp/cosyvoice/test_dpo_epoch_1/instruct/liuchanhg_202_happy_0.wav	/root/autodl-tmp/CosyVoice_dev/examples/libritts/cosyvoice2/data/m3ed/test/A_huanlesong_14_12.wav
/root/autodl-tmp/CosyVoice_dev/examples/libritts/cosyvoice2/exp/cosyvoice/test_dpo_epoch_1/instruct/wangzhe_208_surprise_0.wav	/root/autodl-tmp/CosyVoice_dev/examples/libritts/cosyvoice2/data/m3ed/test/A_xiangjianni_6_9.wav
/root/autodl-tmp/CosyVoice_dev/examples/libritts/cosyvoice2/exp/cosyvoice/test_dpo_epoch_1/instruct/wangzhe_219_angry_0.wav	/root/autodl-tmp/CosyVoice_dev/examples/libritts/cosyvoice2/data/m3ed/test/A_huanlesong_12_16.wav
/root/autodl-tmp/CosyVoice_dev/examples/libritts/cosyvoice2/exp/cosyvoice/test_dpo_epoch_1/instruct/ZhaoZuoxiang_219_neutral_0.wav	/root/autodl-tmp/CosyVoice_dev/examples/libritts/cosyvoice2/data/m3ed/test/A_guainiguofenmeili_11_5.wav
/root/autodl-tmp/CosyVoice_dev/examples/libritts/cosyvoice2/exp/cosyvoice/test_dpo_epoch_1/instruct/zhaoquanyin_204_angry_0.wav	/root/autodl-tmp/CosyVoice_dev/examples/libritts/cosyvoice2/data/m3ed/test/A_jiayouernv_8_16.wav
/root/autodl-tmp/CosyVoice_dev/examples/libritts/cosyvoice2/exp/cosyvoice/test_dpo_epoch_1/instruct/wangzhe_205_surprise_0.wav	/root/autodl-tmp/CosyVoice_dev/examples/libritts/cosyvoice2/data/m3ed/test/A_guainiguofenmeili_10_17.wav
/root/autodl-tmp/CosyVoice_dev/examples/libritts/cosyvoice2/exp/cosyvoice/test_dpo_epoch_1/instruct/wangzhe_207_fear_0.wav	/root/autodl-tmp/CosyVoice_dev/examples/libritts/cosyvoice2/data/m3ed/test/A_huanlesong_17_34.wav
/root/autodl-tmp/CosyVoice_dev/examples/libritts/cosyvoice2/exp/cosyvoice/test_dpo_epoch_1/instruct/wangzhe_215_surprise_0.wav	/root/autodl-tmp/CosyVoice_dev/examples/libritts/cosyvoice2/data/m3ed/test/A_guainiguofenmeili_10_1.wav
/root/autodl-tmp/CosyVoice_dev/examples/libritts/cosyvoice2/exp/cosyvoice/test_dpo_epoch_1/instruct/wangzhe_219_fear_0.wav	/root/autodl-tmp/CosyVoice_dev/examples/libritts/cosyvoice2/data/m3ed/test/A_huanlesong_5_14.wav
/root/autodl-tmp/CosyVoice_dev/examples/libritts/cosyvoice2/exp/cosyvoice/test_dpo_epoch_1/instruct/wangzhe_210_surprise_0.wav	/root/autodl-tmp/CosyVoice_dev/examples/libritts/cosyvoice2/data/m3ed/test/A_jiayouernv_12_13.wav
/root/autodl-tmp/CosyVoice_dev/examples/libritts/cosyvoice2/exp/cosyvoice/test_dpo_epoch_1/instruct/wangzhe_219_happy_0.wav	/root/autodl-tmp/CosyVoice_dev/examples/libritts/cosyvoice2/data/m3ed/test/A_huanlesong_14_29.wav
/root/autodl-tmp/CosyVoice_dev/examples/libritts/cosyvoice2/exp/cosyvoice/test_dpo_epoch_1/instruct/zhaoquanyin_208_happy_0.wav	/root/autodl-tmp/CosyVoice_dev/examples/libritts/cosyvoice2/data/m3ed/test/A_huanlesong_16_11.wav
/root/autodl-tmp/CosyVoice_dev/examples/libritts/cosyvoice2/exp/cosyvoice/test_dpo_epoch_1/instruct/liuchanhg_219_surprise_0.wav	/root/autodl-tmp/CosyVoice_dev/examples/libritts/cosyvoice2/data/m3ed/test/A_woju_11_4.wav
/root/autodl-tmp/CosyVoice_dev/examples/libritts/cosyvoice2/exp/cosyvoice/test_dpo_epoch_1/instruct/zhaoquanyin_242_angry_0.wav	/root/autodl-tmp/CosyVoice_dev/examples/libritts/cosyvoice2/data/m3ed/test/A_huanlesong_9_7.wav
/root/autodl-tmp/CosyVoice_dev/examples/libritts/cosyvoice2/exp/cosyvoice/test_dpo_epoch_1/instruct/zhaoquanyin_209_angry_0.wav	/root/autodl-tmp/CosyVoice_dev/examples/libritts/cosyvoice2/data/m3ed/test/A_huanlesong_8_1.wav
/root/autodl-tmp/CosyVoice_dev/examples/libritts/cosyvoice2/exp/cosyvoice/test_dpo_epoch_1/instruct/zhaoquanyin_231_angry_0.wav	/root/autodl-tmp/CosyVoice_dev/examples/libritts/cosyvoice2/data/m3ed/test/A_luohunshidai_4_4.wav
/root/autodl-tmp/CosyVoice_dev/examples/libritts/cosyvoice2/exp/cosyvoice/test_dpo_epoch_1/instruct/zhaoquanyin_219_happy_0.wav	/root/autodl-tmp/CosyVoice_dev/examples/libritts/cosyvoice2/data/m3ed/test/A_xiangjianni_2_4.wav
/root/autodl-tmp/CosyVoice_dev/examples/libritts/cosyvoice2/exp/cosyvoice/test_dpo_epoch_1/instruct/liuchanhg_224_happy_0.wav	/root/autodl-tmp/CosyVoice_dev/examples/libritts/cosyvoice2/data/m3ed/test/A_huanlesong_12_13.wav
/root/autodl-tmp/CosyVoice_dev/examples/libritts/cosyvoice2/exp/cosyvoice/test_dpo_epoch_1/instruct/wangzhe_216_angry_0.wav	/root/autodl-tmp/CosyVoice_dev/examples/libritts/cosyvoice2/data/m3ed/test/B_xiaohuanxi_7_26.wav
/root/autodl-tmp/CosyVoice_dev/examples/libritts/cosyvoice2/exp/cosyvoice/test_dpo_epoch_1/instruct/wangzhe_207_happy_0.wav	/root/autodl-tmp/CosyVoice_dev/examples/libritts/cosyvoice2/data/m3ed/test/A_rucikeaidewomen_11_7.wav
/root/autodl-tmp/CosyVoice_dev/examples/libritts/cosyvoice2/exp/cosyvoice/test_dpo_epoch_1/instruct/wangzhe_202_neutral_0.wav	/root/autodl-tmp/CosyVoice_dev/examples/libritts/cosyvoice2/data/m3ed/test/A_guainiguofenmeili_8_10.wav
/root/autodl-tmp/CosyVoice_dev/examples/libritts/cosyvoice2/exp/cosyvoice/test_dpo_epoch_1/instruct/liuchanhg_218_neutral_0.wav	/root/autodl-tmp/CosyVoice_dev/examples/libritts/cosyvoice2/data/m3ed/test/A_huanlesong_4_1.wav
/root/autodl-tmp/CosyVoice_dev/examples/libritts/cosyvoice2/exp/cosyvoice/test_dpo_epoch_1/instruct/liuchanhg_204_happy_0.wav	/root/autodl-tmp/CosyVoice_dev/examples/libritts/cosyvoice2/data/m3ed/test/A_jiayouernv_2_2.wav
/root/autodl-tmp/CosyVoice_dev/examples/libritts/cosyvoice2/exp/cosyvoice/test_dpo_epoch_1/instruct/wangzhe_210_fear_0.wav	/root/autodl-tmp/CosyVoice_dev/examples/libritts/cosyvoice2/data/m3ed/test/A_jiayouernv_11_9.wav
/root/autodl-tmp/CosyVoice_dev/examples/libritts/cosyvoice2/exp/cosyvoice/test_dpo_epoch_1/instruct/wangzhe_207_sad_0.wav	/root/autodl-tmp/CosyVoice_dev/examples/libritts/cosyvoice2/data/m3ed/test/A_huanlesong_4_20.wav
/root/autodl-tmp/CosyVoice_dev/examples/libritts/cosyvoice2/exp/cosyvoice/test_dpo_epoch_1/instruct/zhaoquanyin_218_angry_0.wav	/root/autodl-tmp/CosyVoice_dev/examples/libritts/cosyvoice2/data/m3ed/test/A_huanlesong_10_10.wav
/root/autodl-tmp/CosyVoice_dev/examples/libritts/cosyvoice2/exp/cosyvoice/test_dpo_epoch_1/instruct/wangzhe_213_surprise_0.wav	/root/autodl-tmp/CosyVoice_dev/examples/libritts/cosyvoice2/data/m3ed/test/A_guainiguofenmeili_10_4.wav
/root/autodl-tmp/CosyVoice_dev/examples/libritts/cosyvoice2/exp/cosyvoice/test_dpo_epoch_1/instruct/wangzhe_210_happy_0.wav	/root/autodl-tmp/CosyVoice_dev/examples/libritts/cosyvoice2/data/m3ed/test/A_guainiguofenmeili_10_6.wav
/root/autodl-tmp/CosyVoice_dev/examples/libritts/cosyvoice2/exp/cosyvoice/test_dpo_epoch_1/instruct/zhaoquanyin_232_angry_0.wav	/root/autodl-tmp/CosyVoice_dev/examples/libritts/cosyvoice2/data/m3ed/test/A_guainiguofenmeili_2_23.wav
/root/autodl-tmp/CosyVoice_dev/examples/libritts/cosyvoice2/exp/cosyvoice/test_dpo_epoch_1/instruct/liuchanhg_201_neutral_0.wav	/root/autodl-tmp/CosyVoice_dev/examples/libritts/cosyvoice2/data/m3ed/test/A_guainiguofenmeili_11_6.wav
/root/autodl-tmp/CosyVoice_dev/examples/libritts/cosyvoice2/exp/cosyvoice/test_dpo_epoch_1/instruct/wangzhe_208_sad_0.wav	/root/autodl-tmp/CosyVoice_dev/examples/libritts/cosyvoice2/data/m3ed/test/A_rucikeaidewomen_4_10.wav
/root/autodl-tmp/CosyVoice_dev/examples/libritts/cosyvoice2/exp/cosyvoice/test_dpo_epoch_1/instruct/ZhaoZuoxiang_221_neutral_0.wav	/root/autodl-tmp/CosyVoice_dev/examples/libritts/cosyvoice2/data/m3ed/test/B_xiangjianni_10_14.wav
/root/autodl-tmp/CosyVoice_dev/examples/libritts/cosyvoice2/exp/cosyvoice/test_dpo_epoch_1/instruct/wangzhe_221_fear_0.wav	/root/autodl-tmp/CosyVoice_dev/examples/libritts/cosyvoice2/data/m3ed/test/A_huanlesong_11_1.wav
/root/autodl-tmp/CosyVoice_dev/examples/libritts/cosyvoice2/exp/cosyvoice/test_dpo_epoch_1/instruct/liuchanhg_242_surprise_0.wav	/root/autodl-tmp/CosyVoice_dev/examples/libritts/cosyvoice2/data/m3ed/test/A_guainiguofenmeili_9_7.wav
/root/autodl-tmp/CosyVoice_dev/examples/libritts/cosyvoice2/exp/cosyvoice/test_dpo_epoch_1/instruct/wangzhe_226_fear_0.wav	/root/autodl-tmp/CosyVoice_dev/examples/libritts/cosyvoice2/data/m3ed/test/B_rucikeaidewomen_4_11.wav
/root/autodl-tmp/CosyVoice_dev/examples/libritts/cosyvoice2/exp/cosyvoice/test_dpo_epoch_1/instruct/liuchanhg_207_neutral_0.wav	/root/autodl-tmp/CosyVoice_dev/examples/libritts/cosyvoice2/data/m3ed/test/A_jiayouernv_10_10.wav
/root/autodl-tmp/CosyVoice_dev/examples/libritts/cosyvoice2/exp/cosyvoice/test_dpo_epoch_1/instruct/wangzhe_203_angry_0.wav	/root/autodl-tmp/CosyVoice_dev/examples/libritts/cosyvoice2/data/m3ed/test/A_woju_11_3.wav
/root/autodl-tmp/CosyVoice_dev/examples/libritts/cosyvoice2/exp/cosyvoice/test_dpo_epoch_1/instruct/wangzhe_205_angry_0.wav	/root/autodl-tmp/CosyVoice_dev/examples/libritts/cosyvoice2/data/m3ed/test/A_xiaohuanxi_4_19.wav
/root/autodl-tmp/CosyVoice_dev/examples/libritts/cosyvoice2/exp/cosyvoice/test_dpo_epoch_1/instruct/zhaoquanyin_209_surprise_0.wav	/root/autodl-tmp/CosyVoice_dev/examples/libritts/cosyvoice2/data/m3ed/test/A_guainiguofenmeili_8_17.wav
/root/autodl-tmp/CosyVoice_dev/examples/libritts/cosyvoice2/exp/cosyvoice/test_dpo_epoch_1/instruct/liuchanhg_210_happy_0.wav	/root/autodl-tmp/CosyVoice_dev/examples/libritts/cosyvoice2/data/m3ed/test/A_rucikeaidewomen_4_4.wav
/root/autodl-tmp/CosyVoice_dev/examples/libritts/cosyvoice2/exp/cosyvoice/test_dpo_epoch_1/instruct/zhaoquanyin_246_angry_0.wav	/root/autodl-tmp/CosyVoice_dev/examples/libritts/cosyvoice2/data/m3ed/test/B_huanlesong_20_13.wav
/root/autodl-tmp/CosyVoice_dev/examples/libritts/cosyvoice2/exp/cosyvoice/test_dpo_epoch_1/instruct/liuchanhg_221_happy_0.wav	/root/autodl-tmp/CosyVoice_dev/examples/libritts/cosyvoice2/data/m3ed/test/A_guainiguofenmeili_9_15.wav
/root/autodl-tmp/CosyVoice_dev/examples/libritts/cosyvoice2/exp/cosyvoice/test_dpo_epoch_1/instruct/zhaoquanyin_218_happy_0.wav	/root/autodl-tmp/CosyVoice_dev/examples/libritts/cosyvoice2/data/m3ed/test/A_jiayouernv_5_14.wav
/root/autodl-tmp/CosyVoice_dev/examples/libritts/cosyvoice2/exp/cosyvoice/test_dpo_epoch_1/instruct/liuchanhg_209_neutral_0.wav	/root/autodl-tmp/CosyVoice_dev/examples/libritts/cosyvoice2/data/m3ed/test/A_guainiguofenmeili_6_2.wav
/root/autodl-tmp/CosyVoice_dev/examples/libritts/cosyvoice2/exp/cosyvoice/test_dpo_epoch_1/instruct/wangzhe_216_fear_0.wav	/root/autodl-tmp/CosyVoice_dev/examples/libritts/cosyvoice2/data/m3ed/test/A_huanlesong_10_23.wav
/root/autodl-tmp/CosyVoice_dev/examples/libritts/cosyvoice2/exp/cosyvoice/test_dpo_epoch_1/instruct/zhaoquanyin_220_surprise_0.wav	/root/autodl-tmp/CosyVoice_dev/examples/libritts/cosyvoice2/data/m3ed/test/B_huanlesong_20_11.wav
/root/autodl-tmp/CosyVoice_dev/examples/libritts/cosyvoice2/exp/cosyvoice/test_dpo_epoch_1/instruct/zhaoquanyin_237_angry_0.wav	/root/autodl-tmp/CosyVoice_dev/examples/libritts/cosyvoice2/data/m3ed/test/A_guainiguofenmeili_6_3.wav
/root/autodl-tmp/CosyVoice_dev/examples/libritts/cosyvoice2/exp/cosyvoice/test_dpo_epoch_1/instruct/wangzhe_205_happy_0.wav	/root/autodl-tmp/CosyVoice_dev/examples/libritts/cosyvoice2/data/m3ed/test/A_guainiguofenmeili_11_11.wav
/root/autodl-tmp/CosyVoice_dev/examples/libritts/cosyvoice2/exp/cosyvoice/test_dpo_epoch_1/instruct/wangzhe_221_happy_0.wav	/root/autodl-tmp/CosyVoice_dev/examples/libritts/cosyvoice2/data/m3ed/test/A_jiayouernv_11_4.wav
/root/autodl-tmp/CosyVoice_dev/examples/libritts/cosyvoice2/exp/cosyvoice/test_dpo_epoch_1/instruct/wangzhe_210_neutral_0.wav	/root/autodl-tmp/CosyVoice_dev/examples/libritts/cosyvoice2/data/m3ed/test/A_guainiguofenmeili_1_5.wav
/root/autodl-tmp/CosyVoice_dev/examples/libritts/cosyvoice2/exp/cosyvoice/test_dpo_epoch_1/instruct/wangzhe_203_neutral_0.wav	/root/autodl-tmp/CosyVoice_dev/examples/libritts/cosyvoice2/data/m3ed/test/A_huanlesong_10_2.wav
/root/autodl-tmp/CosyVoice_dev/examples/libritts/cosyvoice2/exp/cosyvoice/test_dpo_epoch_1/instruct/wangzhe_227_surprise_0.wav	/root/autodl-tmp/CosyVoice_dev/examples/libritts/cosyvoice2/data/m3ed/test/A_huanlesong_10_19.wav
/root/autodl-tmp/CosyVoice_dev/examples/libritts/cosyvoice2/exp/cosyvoice/test_dpo_epoch_1/instruct/wangzhe_235_happy_0.wav	/root/autodl-tmp/CosyVoice_dev/examples/libritts/cosyvoice2/data/m3ed/test/A_huanlesong_19_9.wav
/root/autodl-tmp/CosyVoice_dev/examples/libritts/cosyvoice2/exp/cosyvoice/test_dpo_epoch_1/instruct/zhaoquanyin_202_surprise_0.wav	/root/autodl-tmp/CosyVoice_dev/examples/libritts/cosyvoice2/data/m3ed/test/A_luohunshidai_11_10.wav
/root/autodl-tmp/CosyVoice_dev/examples/libritts/cosyvoice2/exp/cosyvoice/test_dpo_epoch_1/instruct/wangzhe_247_happy_0.wav	/root/autodl-tmp/CosyVoice_dev/examples/libritts/cosyvoice2/data/m3ed/test/B_xiayizhanshixingfu_6_4.wav
/root/autodl-tmp/CosyVoice_dev/examples/libritts/cosyvoice2/exp/cosyvoice/test_dpo_epoch_1/instruct/zhaoquanyin_212_surprise_0.wav	/root/autodl-tmp/CosyVoice_dev/examples/libritts/cosyvoice2/data/m3ed/test/B_jiayouernv_5_5.wav
/root/autodl-tmp/CosyVoice_dev/examples/libritts/cosyvoice2/exp/cosyvoice/test_dpo_epoch_1/instruct/wangzhe_215_fear_0.wav	/root/autodl-tmp/CosyVoice_dev/examples/libritts/cosyvoice2/data/m3ed/test/A_huanlesong_10_34.wav
/root/autodl-tmp/CosyVoice_dev/examples/libritts/cosyvoice2/exp/cosyvoice/test_dpo_epoch_1/instruct/wangzhe_245_happy_0.wav	/root/autodl-tmp/CosyVoice_dev/examples/libritts/cosyvoice2/data/m3ed/test/A_huanlesong_17_1.wav
/root/autodl-tmp/CosyVoice_dev/examples/libritts/cosyvoice2/exp/cosyvoice/test_dpo_epoch_1/instruct/zhaoquanyin_234_surprise_0.wav	/root/autodl-tmp/CosyVoice_dev/examples/libritts/cosyvoice2/data/m3ed/test/A_jiayouernv_15_5.wav
/root/autodl-tmp/CosyVoice_dev/examples/libritts/cosyvoice2/exp/cosyvoice/test_dpo_epoch_1/instruct/zhaoquanyin_226_angry_0.wav	/root/autodl-tmp/CosyVoice_dev/examples/libritts/cosyvoice2/data/m3ed/test/A_guainiguofenmeili_8_8.wav
/root/autodl-tmp/CosyVoice_dev/examples/libritts/cosyvoice2/exp/cosyvoice/test_dpo_epoch_1/instruct/wangzhe_211_happy_0.wav	/root/autodl-tmp/CosyVoice_dev/examples/libritts/cosyvoice2/data/m3ed/test/A_guainiguofenmeili_6_8.wav
/root/autodl-tmp/CosyVoice_dev/examples/libritts/cosyvoice2/exp/cosyvoice/test_dpo_epoch_1/instruct/wangzhe_236_neutral_0.wav	/root/autodl-tmp/CosyVoice_dev/examples/libritts/cosyvoice2/data/m3ed/test/A_huanlesong_19_5.wav
/root/autodl-tmp/CosyVoice_dev/examples/libritts/cosyvoice2/exp/cosyvoice/test_dpo_epoch_1/instruct/wangzhe_216_happy_0.wav	/root/autodl-tmp/CosyVoice_dev/examples/libritts/cosyvoice2/data/m3ed/test/A_jiayouernv_9_35.wav
/root/autodl-tmp/CosyVoice_dev/examples/libritts/cosyvoice2/exp/cosyvoice/test_dpo_epoch_1/instruct/wangzhe_229_happy_0.wav	/root/autodl-tmp/CosyVoice_dev/examples/libritts/cosyvoice2/data/m3ed/test/B_huanlesong_20_2.wav
/root/autodl-tmp/CosyVoice_dev/examples/libritts/cosyvoice2/exp/cosyvoice/test_dpo_epoch_1/instruct/wangzhe_212_fear_0.wav	/root/autodl-tmp/CosyVoice_dev/examples/libritts/cosyvoice2/data/m3ed/test/A_woju_11_22.wav
/root/autodl-tmp/CosyVoice_dev/examples/libritts/cosyvoice2/exp/cosyvoice/test_dpo_epoch_1/instruct/wangzhe_245_surprise_0.wav	/root/autodl-tmp/CosyVoice_dev/examples/libritts/cosyvoice2/data/m3ed/test/A_jiayouernv_2_14.wav
/root/autodl-tmp/CosyVoice_dev/examples/libritts/cosyvoice2/exp/cosyvoice/test_dpo_epoch_1/instruct/wangzhe_210_angry_0.wav	/root/autodl-tmp/CosyVoice_dev/examples/libritts/cosyvoice2/data/m3ed/test/A_jiayouernv_12_23.wav
/root/autodl-tmp/CosyVoice_dev/examples/libritts/cosyvoice2/exp/cosyvoice/test_dpo_epoch_1/instruct/zhaoquanyin_227_happy_0.wav	/root/autodl-tmp/CosyVoice_dev/examples/libritts/cosyvoice2/data/m3ed/test/A_huanlesong_9_5.wav
/root/autodl-tmp/CosyVoice_dev/examples/libritts/cosyvoice2/exp/cosyvoice/test_dpo_epoch_1/instruct/liuchanhg_216_neutral_0.wav	/root/autodl-tmp/CosyVoice_dev/examples/libritts/cosyvoice2/data/m3ed/test/B_liujinsuiyue_18_3.wav
/root/autodl-tmp/CosyVoice_dev/examples/libritts/cosyvoice2/exp/cosyvoice/test_dpo_epoch_1/instruct/zhaoquanyin_219_surprise_0.wav	/root/autodl-tmp/CosyVoice_dev/examples/libritts/cosyvoice2/data/m3ed/test/A_guainiguofenmeili_11_8.wav
/root/autodl-tmp/CosyVoice_dev/examples/libritts/cosyvoice2/exp/cosyvoice/test_dpo_epoch_1/instruct/liuchanhg_221_surprise_0.wav	/root/autodl-tmp/CosyVoice_dev/examples/libritts/cosyvoice2/data/m3ed/test/A_huanlesong_8_18.wav
/root/autodl-tmp/CosyVoice_dev/examples/libritts/cosyvoice2/exp/cosyvoice/test_dpo_epoch_1/instruct/zhaoquanyin_205_surprise_0.wav	/root/autodl-tmp/CosyVoice_dev/examples/libritts/cosyvoice2/data/m3ed/test/A_huanlesong_5_19.wav
/root/autodl-tmp/CosyVoice_dev/examples/libritts/cosyvoice2/exp/cosyvoice/test_dpo_epoch_1/instruct/zhaoquanyin_248_surprise_0.wav	/root/autodl-tmp/CosyVoice_dev/examples/libritts/cosyvoice2/data/m3ed/test/A_huanlesong_9_6.wav
/root/autodl-tmp/CosyVoice_dev/examples/libritts/cosyvoice2/exp/cosyvoice/test_dpo_epoch_1/instruct/zhaoquanyin_230_angry_0.wav	/root/autodl-tmp/CosyVoice_dev/examples/libritts/cosyvoice2/data/m3ed/test/A_guainiguofenmeili_11_1.wav
/root/autodl-tmp/CosyVoice_dev/examples/libritts/cosyvoice2/exp/cosyvoice/test_dpo_epoch_1/instruct/liuchanhg_236_surprise_0.wav	/root/autodl-tmp/CosyVoice_dev/examples/libritts/cosyvoice2/data/m3ed/test/A_guainiguofenmeili_6_7.wav
/root/autodl-tmp/CosyVoice_dev/examples/libritts/cosyvoice2/exp/cosyvoice/test_dpo_epoch_1/instruct/ZhaoZuoxiang_218_happy_0.wav	/root/autodl-tmp/CosyVoice_dev/examples/libritts/cosyvoice2/data/m3ed/test/A_huanlesong_14_26.wav
/root/autodl-tmp/CosyVoice_dev/examples/libritts/cosyvoice2/exp/cosyvoice/test_dpo_epoch_1/instruct/liuchanhg_203_surprise_0.wav	/root/autodl-tmp/CosyVoice_dev/examples/libritts/cosyvoice2/data/m3ed/test/A_huanlesong_16_24.wav
/root/autodl-tmp/CosyVoice_dev/examples/libritts/cosyvoice2/exp/cosyvoice/test_dpo_epoch_1/instruct/zhaoquanyin_235_happy_0.wav	/root/autodl-tmp/CosyVoice_dev/examples/libritts/cosyvoice2/data/m3ed/test/A_jiayouernv_11_5.wav
/root/autodl-tmp/CosyVoice_dev/examples/libritts/cosyvoice2/exp/cosyvoice/test_dpo_epoch_1/instruct/liuchanhg_218_fear_0.wav	/root/autodl-tmp/CosyVoice_dev/examples/libritts/cosyvoice2/data/m3ed/test/A_huanlesong_11_8.wav
/root/autodl-tmp/CosyVoice_dev/examples/libritts/cosyvoice2/exp/cosyvoice/test_dpo_epoch_1/instruct/zhaoquanyin_221_happy_0.wav	/root/autodl-tmp/CosyVoice_dev/examples/libritts/cosyvoice2/data/m3ed/test/A_rucikeaidewomen_13_4.wav
/root/autodl-tmp/CosyVoice_dev/examples/libritts/cosyvoice2/exp/cosyvoice/test_dpo_epoch_1/instruct/wangzhe_243_surprise_0.wav	/root/autodl-tmp/CosyVoice_dev/examples/libritts/cosyvoice2/data/m3ed/test/A_guainiguofenmeili_5_1.wav
/root/autodl-tmp/CosyVoice_dev/examples/libritts/cosyvoice2/exp/cosyvoice/test_dpo_epoch_1/instruct/zhaoquanyin_223_angry_0.wav	/root/autodl-tmp/CosyVoice_dev/examples/libritts/cosyvoice2/data/m3ed/test/A_jiayouernv_15_1.wav
/root/autodl-tmp/CosyVoice_dev/examples/libritts/cosyvoice2/exp/cosyvoice/test_dpo_epoch_1/instruct/wangzhe_223_angry_0.wav	/root/autodl-tmp/CosyVoice_dev/examples/libritts/cosyvoice2/data/m3ed/test/A_guainiguofenmeili_3_3.wav
/root/autodl-tmp/CosyVoice_dev/examples/libritts/cosyvoice2/exp/cosyvoice/test_dpo_epoch_1/instruct/wangzhe_225_angry_0.wav	/root/autodl-tmp/CosyVoice_dev/examples/libritts/cosyvoice2/data/m3ed/test/B_huanlesong_20_8.wav
/root/autodl-tmp/CosyVoice_dev/examples/libritts/cosyvoice2/exp/cosyvoice/test_dpo_epoch_1/instruct/zhaoquanyin_208_surprise_0.wav	/root/autodl-tmp/CosyVoice_dev/examples/libritts/cosyvoice2/data/m3ed/test/A_guainiguofenmeili_3_23.wav
/root/autodl-tmp/CosyVoice_dev/examples/libritts/cosyvoice2/exp/cosyvoice/test_dpo_epoch_1/instruct/zhaoquanyin_216_surprise_0.wav	/root/autodl-tmp/CosyVoice_dev/examples/libritts/cosyvoice2/data/m3ed/test/A_huanlesong_5_25.wav
/root/autodl-tmp/CosyVoice_dev/examples/libritts/cosyvoice2/exp/cosyvoice/test_dpo_epoch_1/instruct/wangzhe_228_fear_0.wav	/root/autodl-tmp/CosyVoice_dev/examples/libritts/cosyvoice2/data/m3ed/test/A_guainiguofenmeili_12_6.wav
/root/autodl-tmp/CosyVoice_dev/examples/libritts/cosyvoice2/exp/cosyvoice/test_dpo_epoch_1/instruct/wangzhe_231_happy_0.wav	/root/autodl-tmp/CosyVoice_dev/examples/libritts/cosyvoice2/data/m3ed/test/A_liujinsuiyue_14_7.wav
/root/autodl-tmp/CosyVoice_dev/examples/libritts/cosyvoice2/exp/cosyvoice/test_dpo_epoch_1/instruct/zhaoquanyin_227_neutral_0.wav	/root/autodl-tmp/CosyVoice_dev/examples/libritts/cosyvoice2/data/m3ed/test/A_guainiguofenmeili_9_6.wav
/root/autodl-tmp/CosyVoice_dev/examples/libritts/cosyvoice2/exp/cosyvoice/test_dpo_epoch_1/instruct/wangzhe_201_happy_0.wav	/root/autodl-tmp/CosyVoice_dev/examples/libritts/cosyvoice2/data/m3ed/test/A_huanlesong_14_31.wav
/root/autodl-tmp/CosyVoice_dev/examples/libritts/cosyvoice2/exp/cosyvoice/test_dpo_epoch_1/instruct/wangzhe_228_surprise_0.wav	/root/autodl-tmp/CosyVoice_dev/examples/libritts/cosyvoice2/data/m3ed/test/A_guainiguofenmeili_11_15.wav
/root/autodl-tmp/CosyVoice_dev/examples/libritts/cosyvoice2/exp/cosyvoice/test_dpo_epoch_1/instruct/wangzhe_240_surprise_0.wav	/root/autodl-tmp/CosyVoice_dev/examples/libritts/cosyvoice2/data/m3ed/test/A_guainiguofenmeili_11_25.wav
/root/autodl-tmp/CosyVoice_dev/examples/libritts/cosyvoice2/exp/cosyvoice/test_dpo_epoch_1/instruct/wangzhe_240_neutral_0.wav	/root/autodl-tmp/CosyVoice_dev/examples/libritts/cosyvoice2/data/m3ed/test/A_liujinsuiyue_13_1.wav
/root/autodl-tmp/CosyVoice_dev/examples/libritts/cosyvoice2/exp/cosyvoice/test_dpo_epoch_1/instruct/wangzhe_204_fear_0.wav	/root/autodl-tmp/CosyVoice_dev/examples/libritts/cosyvoice2/data/m3ed/test/A_guainiguofenmeili_2_24.wav
/root/autodl-tmp/CosyVoice_dev/examples/libritts/cosyvoice2/exp/cosyvoice/test_dpo_epoch_1/instruct/wangzhe_215_happy_0.wav	/root/autodl-tmp/CosyVoice_dev/examples/libritts/cosyvoice2/data/m3ed/test/A_luohunshidai_7_13.wav
/root/autodl-tmp/CosyVoice_dev/examples/libritts/cosyvoice2/exp/cosyvoice/test_dpo_epoch_1/instruct/wangzhe_240_happy_0.wav	/root/autodl-tmp/CosyVoice_dev/examples/libritts/cosyvoice2/data/m3ed/test/A_huanlesong_11_9.wav
/root/autodl-tmp/CosyVoice_dev/examples/libritts/cosyvoice2/exp/cosyvoice/test_dpo_epoch_1/instruct/zhaoquanyin_246_happy_0.wav	/root/autodl-tmp/CosyVoice_dev/examples/libritts/cosyvoice2/data/m3ed/test/A_huanlesong_9_2.wav
/root/autodl-tmp/CosyVoice_dev/examples/libritts/cosyvoice2/exp/cosyvoice/test_dpo_epoch_1/instruct/liuchanhg_236_neutral_0.wav	/root/autodl-tmp/CosyVoice_dev/examples/libritts/cosyvoice2/data/m3ed/test/A_huanlesong_10_37.wav
/root/autodl-tmp/CosyVoice_dev/examples/libritts/cosyvoice2/exp/cosyvoice/test_dpo_epoch_1/instruct/wangzhe_206_fear_0.wav	/root/autodl-tmp/CosyVoice_dev/examples/libritts/cosyvoice2/data/m3ed/test/A_luohunshidai_1_1.wav
/root/autodl-tmp/CosyVoice_dev/examples/libritts/cosyvoice2/exp/cosyvoice/test_dpo_epoch_1/instruct/zhaoquanyin_225_happy_0.wav	/root/autodl-tmp/CosyVoice_dev/examples/libritts/cosyvoice2/data/m3ed/test/A_huanlesong_9_10.wav
/root/autodl-tmp/CosyVoice_dev/examples/libritts/cosyvoice2/exp/cosyvoice/test_dpo_epoch_1/instruct/wangzhe_227_angry_0.wav	/root/autodl-tmp/CosyVoice_dev/examples/libritts/cosyvoice2/data/m3ed/test/A_huanlesong_17_32.wav
/root/autodl-tmp/CosyVoice_dev/examples/libritts/cosyvoice2/exp/cosyvoice/test_dpo_epoch_1/instruct/liuchanhg_248_surprise_0.wav	/root/autodl-tmp/CosyVoice_dev/examples/libritts/cosyvoice2/data/m3ed/test/A_guainiguofenmeili_8_9.wav
/root/autodl-tmp/CosyVoice_dev/examples/libritts/cosyvoice2/exp/cosyvoice/test_dpo_epoch_1/instruct/wangzhe_211_angry_0.wav	/root/autodl-tmp/CosyVoice_dev/examples/libritts/cosyvoice2/data/m3ed/test/A_luohunshidai_7_10.wav
/root/autodl-tmp/CosyVoice_dev/examples/libritts/cosyvoice2/exp/cosyvoice/test_dpo_epoch_1/instruct/zhaoquanyin_239_surprise_0.wav	/root/autodl-tmp/CosyVoice_dev/examples/libritts/cosyvoice2/data/m3ed/test/A_rucikeaidewomen_4_3.wav
/root/autodl-tmp/CosyVoice_dev/examples/libritts/cosyvoice2/exp/cosyvoice/test_dpo_epoch_1/instruct/wangzhe_212_sad_0.wav	/root/autodl-tmp/CosyVoice_dev/examples/libritts/cosyvoice2/data/m3ed/test/A_guainiguofenmeili_3_27.wav
/root/autodl-tmp/CosyVoice_dev/examples/libritts/cosyvoice2/exp/cosyvoice/test_dpo_epoch_1/instruct/zhaoquanyin_230_surprise_0.wav	/root/autodl-tmp/CosyVoice_dev/examples/libritts/cosyvoice2/data/m3ed/test/A_liujinsuiyue_19_24.wav
/root/autodl-tmp/CosyVoice_dev/examples/libritts/cosyvoice2/exp/cosyvoice/test_dpo_epoch_1/instruct/zhaoquanyin_235_angry_0.wav	/root/autodl-tmp/CosyVoice_dev/examples/libritts/cosyvoice2/data/m3ed/test/A_luohunshidai_4_5.wav
/root/autodl-tmp/CosyVoice_dev/examples/libritts/cosyvoice2/exp/cosyvoice/test_dpo_epoch_1/instruct/zhaoquanyin_247_surprise_0.wav	/root/autodl-tmp/CosyVoice_dev/examples/libritts/cosyvoice2/data/m3ed/test/A_guainiguofenmeili_12_16.wav
/root/autodl-tmp/CosyVoice_dev/examples/libritts/cosyvoice2/exp/cosyvoice/test_dpo_epoch_1/instruct/wangzhe_244_happy_0.wav	/root/autodl-tmp/CosyVoice_dev/examples/libritts/cosyvoice2/data/m3ed/test/A_jiayouernv_1_1.wav
/root/autodl-tmp/CosyVoice_dev/examples/libritts/cosyvoice2/exp/cosyvoice/test_dpo_epoch_1/instruct/wangzhe_222_surprise_0.wav	/root/autodl-tmp/CosyVoice_dev/examples/libritts/cosyvoice2/data/m3ed/test/A_huanlesong_12_32.wav
/root/autodl-tmp/CosyVoice_dev/examples/libritts/cosyvoice2/exp/cosyvoice/test_dpo_epoch_1/instruct/wangzhe_205_fear_0.wav	/root/autodl-tmp/CosyVoice_dev/examples/libritts/cosyvoice2/data/m3ed/test/A_liujinsuiyue_10_14.wav
/root/autodl-tmp/CosyVoice_dev/examples/libritts/cosyvoice2/exp/cosyvoice/test_dpo_epoch_1/instruct/wangzhe_229_neutral_0.wav	/root/autodl-tmp/CosyVoice_dev/examples/libritts/cosyvoice2/data/m3ed/test/A_guainiguofenmeili_3_17.wav
/root/autodl-tmp/CosyVoice_dev/examples/libritts/cosyvoice2/exp/cosyvoice/test_dpo_epoch_1/instruct/wangzhe_226_neutral_0.wav	/root/autodl-tmp/CosyVoice_dev/examples/libritts/cosyvoice2/data/m3ed/test/A_huanlesong_12_31.wav
/root/autodl-tmp/CosyVoice_dev/examples/libritts/cosyvoice2/exp/cosyvoice/test_dpo_epoch_1/instruct/wangzhe_225_fear_0.wav	/root/autodl-tmp/CosyVoice_dev/examples/libritts/cosyvoice2/data/m3ed/test/A_jiayouernv_16_7.wav
/root/autodl-tmp/CosyVoice_dev/examples/libritts/cosyvoice2/exp/cosyvoice/test_dpo_epoch_1/instruct/zhaoquanyin_242_happy_0.wav	/root/autodl-tmp/CosyVoice_dev/examples/libritts/cosyvoice2/data/m3ed/test/A_guainiguofenmeili_3_21.wav
/root/autodl-tmp/CosyVoice_dev/examples/libritts/cosyvoice2/exp/cosyvoice/test_dpo_epoch_1/instruct/zhaoquanyin_208_neutral_0.wav	/root/autodl-tmp/CosyVoice_dev/examples/libritts/cosyvoice2/data/m3ed/test/A_jiayouernv_2_16.wav
/root/autodl-tmp/CosyVoice_dev/examples/libritts/cosyvoice2/exp/cosyvoice/test_dpo_epoch_1/instruct/zhaoquanyin_216_neutral_0.wav	/root/autodl-tmp/CosyVoice_dev/examples/libritts/cosyvoice2/data/m3ed/test/A_jiayouernv_2_12.wav
/root/autodl-tmp/CosyVoice_dev/examples/libritts/cosyvoice2/exp/cosyvoice/test_dpo_epoch_1/instruct/wangzhe_239_surprise_0.wav	/root/autodl-tmp/CosyVoice_dev/examples/libritts/cosyvoice2/data/m3ed/test/A_guainiguofenmeili_7_5.wav
/root/autodl-tmp/CosyVoice_dev/examples/libritts/cosyvoice2/exp/cosyvoice/test_dpo_epoch_1/instruct/zhaoquanyin_248_happy_0.wav	/root/autodl-tmp/CosyVoice_dev/examples/libritts/cosyvoice2/data/m3ed/test/A_jiayouernv_12_14.wav
/root/autodl-tmp/CosyVoice_dev/examples/libritts/cosyvoice2/exp/cosyvoice/test_dpo_epoch_1/instruct/wangzhe_226_sad_0.wav	/root/autodl-tmp/CosyVoice_dev/examples/libritts/cosyvoice2/data/m3ed/test/A_huanlesong_13_1.wav
/root/autodl-tmp/CosyVoice_dev/examples/libritts/cosyvoice2/exp/cosyvoice/test_dpo_epoch_1/instruct/liuchanhg_230_surprise_0.wav	/root/autodl-tmp/CosyVoice_dev/examples/libritts/cosyvoice2/data/m3ed/test/A_rucikeaidewomen_13_3.wav
/root/autodl-tmp/CosyVoice_dev/examples/libritts/cosyvoice2/exp/cosyvoice/test_dpo_epoch_1/instruct/liuchanhg_222_happy_0.wav	/root/autodl-tmp/CosyVoice_dev/examples/libritts/cosyvoice2/data/m3ed/test/A_xiangjianni_2_5.wav
/root/autodl-tmp/CosyVoice_dev/examples/libritts/cosyvoice2/exp/cosyvoice/test_dpo_epoch_1/instruct/liuchanhg_226_surprise_0.wav	/root/autodl-tmp/CosyVoice_dev/examples/libritts/cosyvoice2/data/m3ed/test/A_huanlesong_14_32.wav
/root/autodl-tmp/CosyVoice_dev/examples/libritts/cosyvoice2/exp/cosyvoice/test_dpo_epoch_1/instruct/zhaoquanyin_242_surprise_0.wav	/root/autodl-tmp/CosyVoice_dev/examples/libritts/cosyvoice2/data/m3ed/test/A_guainiguofenmeili_7_1.wav
/root/autodl-tmp/CosyVoice_dev/examples/libritts/cosyvoice2/exp/cosyvoice/test_dpo_epoch_1/instruct/zhaoquanyin_244_angry_0.wav	/root/autodl-tmp/CosyVoice_dev/examples/libritts/cosyvoice2/data/m3ed/test/A_guainiguofenmeili_10_16.wav
/root/autodl-tmp/CosyVoice_dev/examples/libritts/cosyvoice2/exp/cosyvoice/test_dpo_epoch_1/instruct/zhaoquanyin_240_surprise_0.wav	/root/autodl-tmp/CosyVoice_dev/examples/libritts/cosyvoice2/data/m3ed/test/A_guainiguofenmeili_1_17.wav
/root/autodl-tmp/CosyVoice_dev/examples/libritts/cosyvoice2/exp/cosyvoice/test_dpo_epoch_1/instruct/wangzhe_216_sad_0.wav	/root/autodl-tmp/CosyVoice_dev/examples/libritts/cosyvoice2/data/m3ed/test/A_jiayouernv_16_18.wav
/root/autodl-tmp/CosyVoice_dev/examples/libritts/cosyvoice2/exp/cosyvoice/test_dpo_epoch_1/instruct/liuchanhg_212_surprise_0.wav	/root/autodl-tmp/CosyVoice_dev/examples/libritts/cosyvoice2/data/m3ed/test/A_jiayouernv_11_1.wav
/root/autodl-tmp/CosyVoice_dev/examples/libritts/cosyvoice2/exp/cosyvoice/test_dpo_epoch_1/instruct/wangzhe_230_fear_0.wav	/root/autodl-tmp/CosyVoice_dev/examples/libritts/cosyvoice2/data/m3ed/test/A_jiayouernv_10_1.wav
/root/autodl-tmp/CosyVoice_dev/examples/libritts/cosyvoice2/exp/cosyvoice/test_dpo_epoch_1/instruct/liuchanhg_224_surprise_0.wav	/root/autodl-tmp/CosyVoice_dev/examples/libritts/cosyvoice2/data/m3ed/test/A_rucikeaidewomen_4_5.wav
/root/autodl-tmp/CosyVoice_dev/examples/libritts/cosyvoice2/exp/cosyvoice/test_dpo_epoch_1/instruct/wangzhe_213_fear_0.wav	/root/autodl-tmp/CosyVoice_dev/examples/libritts/cosyvoice2/data/m3ed/test/A_huanlesong_11_10.wav
/root/autodl-tmp/CosyVoice_dev/examples/libritts/cosyvoice2/exp/cosyvoice/test_dpo_epoch_1/instruct/wangzhe_225_surprise_0.wav	/root/autodl-tmp/CosyVoice_dev/examples/libritts/cosyvoice2/data/m3ed/test/A_jiayouernv_9_34.wav
/root/autodl-tmp/CosyVoice_dev/examples/libritts/cosyvoice2/exp/cosyvoice/test_dpo_epoch_1/instruct/liuchanhg_222_neutral_0.wav	/root/autodl-tmp/CosyVoice_dev/examples/libritts/cosyvoice2/data/m3ed/test/A_guainiguofenmeili_3_4.wav
/root/autodl-tmp/CosyVoice_dev/examples/libritts/cosyvoice2/exp/cosyvoice/test_dpo_epoch_1/instruct/zhaoquanyin_231_happy_0.wav	/root/autodl-tmp/CosyVoice_dev/examples/libritts/cosyvoice2/data/m3ed/test/A_guainiguofenmeili_1_2.wav
/root/autodl-tmp/CosyVoice_dev/examples/libritts/cosyvoice2/exp/cosyvoice/test_dpo_epoch_1/instruct/wangzhe_241_angry_0.wav	/root/autodl-tmp/CosyVoice_dev/examples/libritts/cosyvoice2/data/m3ed/test/A_guainiguofenmeili_2_14.wav
/root/autodl-tmp/CosyVoice_dev/examples/libritts/cosyvoice2/exp/cosyvoice/test_dpo_epoch_1/instruct/zhaoquanyin_229_happy_0.wav	/root/autodl-tmp/CosyVoice_dev/examples/libritts/cosyvoice2/data/m3ed/test/A_jiayouernv_9_21.wav
/root/autodl-tmp/CosyVoice_dev/examples/libritts/cosyvoice2/exp/cosyvoice/test_dpo_epoch_1/instruct/wangzhe_229_angry_0.wav	/root/autodl-tmp/CosyVoice_dev/examples/libritts/cosyvoice2/data/m3ed/test/A_huanlesong_4_2.wav
/root/autodl-tmp/CosyVoice_dev/examples/libritts/cosyvoice2/exp/cosyvoice/test_dpo_epoch_1/instruct/liuchanhg_248_happy_0.wav	/root/autodl-tmp/CosyVoice_dev/examples/libritts/cosyvoice2/data/m3ed/test/A_guainiguofenmeili_9_2.wav
/root/autodl-tmp/CosyVoice_dev/examples/libritts/cosyvoice2/exp/cosyvoice/test_dpo_epoch_1/instruct/liuchanhg_211_surprise_0.wav	/root/autodl-tmp/CosyVoice_dev/examples/libritts/cosyvoice2/data/m3ed/test/B_jiayouernv_5_2.wav
/root/autodl-tmp/CosyVoice_dev/examples/libritts/cosyvoice2/exp/cosyvoice/test_dpo_epoch_1/instruct/wangzhe_244_surprise_0.wav	/root/autodl-tmp/CosyVoice_dev/examples/libritts/cosyvoice2/data/m3ed/test/A_jiayouernv_1_2.wav
/root/autodl-tmp/CosyVoice_dev/examples/libritts/cosyvoice2/exp/cosyvoice/test_dpo_epoch_1/instruct/liuchanhg_212_neutral_0.wav	/root/autodl-tmp/CosyVoice_dev/examples/libritts/cosyvoice2/data/m3ed/test/A_liujinsuiyue_12_10.wav
/root/autodl-tmp/CosyVoice_dev/examples/libritts/cosyvoice2/exp/cosyvoice/test_dpo_epoch_1/instruct/wangzhe_237_neutral_0.wav	/root/autodl-tmp/CosyVoice_dev/examples/libritts/cosyvoice2/data/m3ed/test/A_huanlesong_6_13.wav
/root/autodl-tmp/CosyVoice_dev/examples/libritts/cosyvoice2/exp/cosyvoice/test_dpo_epoch_1/instruct/wangzhe_230_happy_0.wav	/root/autodl-tmp/CosyVoice_dev/examples/libritts/cosyvoice2/data/m3ed/test/A_luohunshidai_4_7.wav
/root/autodl-tmp/CosyVoice_dev/examples/libritts/cosyvoice2/exp/cosyvoice/test_dpo_epoch_1/instruct/wangzhe_220_neutral_0.wav	/root/autodl-tmp/CosyVoice_dev/examples/libritts/cosyvoice2/data/m3ed/test/A_guainiguofenmeili_11_14.wav
/root/autodl-tmp/CosyVoice_dev/examples/libritts/cosyvoice2/exp/cosyvoice/test_dpo_epoch_1/instruct/wangzhe_245_neutral_0.wav	/root/autodl-tmp/CosyVoice_dev/examples/libritts/cosyvoice2/data/m3ed/test/A_guainiguofenmeili_6_17.wav
/root/autodl-tmp/CosyVoice_dev/examples/libritts/cosyvoice2/exp/cosyvoice/test_dpo_epoch_1/instruct/wangzhe_241_fear_0.wav	/root/autodl-tmp/CosyVoice_dev/examples/libritts/cosyvoice2/data/m3ed/test/A_huanlesong_11_16.wav
/root/autodl-tmp/CosyVoice_dev/examples/libritts/cosyvoice2/exp/cosyvoice/test_dpo_epoch_1/instruct/wangzhe_239_neutral_0.wav	/root/autodl-tmp/CosyVoice_dev/examples/libritts/cosyvoice2/data/m3ed/test/A_huanlesong_5_45.wav
/root/autodl-tmp/CosyVoice_dev/examples/libritts/cosyvoice2/exp/cosyvoice/test_dpo_epoch_1/instruct/ZhaoZuoxiang_209_neutral_0.wav	/root/autodl-tmp/CosyVoice_dev/examples/libritts/cosyvoice2/data/m3ed/test/A_xiayizhanshixingfu_11_24.wav
/root/autodl-tmp/CosyVoice_dev/examples/libritts/cosyvoice2/exp/cosyvoice/test_dpo_epoch_1/instruct/zhaoquanyin_211_neutral_0.wav	/root/autodl-tmp/CosyVoice_dev/examples/libritts/cosyvoice2/data/m3ed/test/A_xiangjianni_8_14.wav
/root/autodl-tmp/CosyVoice_dev/examples/libritts/cosyvoice2/exp/cosyvoice/test_dpo_epoch_1/instruct/wangzhe_241_neutral_0.wav	/root/autodl-tmp/CosyVoice_dev/examples/libritts/cosyvoice2/data/m3ed/test/A_guainiguofenmeili_5_2.wav
/root/autodl-tmp/CosyVoice_dev/examples/libritts/cosyvoice2/exp/cosyvoice/test_dpo_epoch_1/instruct/liuchanhg_210_neutral_0.wav	/root/autodl-tmp/CosyVoice_dev/examples/libritts/cosyvoice2/data/m3ed/test/A_rucikeaidewomen_4_2.wav
/root/autodl-tmp/CosyVoice_dev/examples/libritts/cosyvoice2/exp/cosyvoice/test_dpo_epoch_1/instruct/ZhaoZuoxiang_219_angry_0.wav	/root/autodl-tmp/CosyVoice_dev/examples/libritts/cosyvoice2/data/m3ed/test/A_luohunshidai_1_2.wav
/root/autodl-tmp/CosyVoice_dev/examples/libritts/cosyvoice2/exp/cosyvoice/test_dpo_epoch_1/instruct/zhaoquanyin_216_sad_0.wav	/root/autodl-tmp/CosyVoice_dev/examples/libritts/cosyvoice2/data/m3ed/test/A_huanlesong_10_30.wav
/root/autodl-tmp/CosyVoice_dev/examples/libritts/cosyvoice2/exp/cosyvoice/test_dpo_epoch_1/instruct/wangzhe_209_angry_0.wav	/root/autodl-tmp/CosyVoice_dev/examples/libritts/cosyvoice2/data/m3ed/test/A_xiaohuanxi_4_21.wav
/root/autodl-tmp/CosyVoice_dev/examples/libritts/cosyvoice2/exp/cosyvoice/test_dpo_epoch_1/instruct/liuchanhg_244_surprise_0.wav	/root/autodl-tmp/CosyVoice_dev/examples/libritts/cosyvoice2/data/m3ed/test/A_jiayouernv_8_17.wav
/root/autodl-tmp/CosyVoice_dev/examples/libritts/cosyvoice2/exp/cosyvoice/test_dpo_epoch_1/instruct/wangzhe_246_neutral_0.wav	/root/autodl-tmp/CosyVoice_dev/examples/libritts/cosyvoice2/data/m3ed/test/A_huanlesong_2_13.wav
/root/autodl-tmp/CosyVoice_dev/examples/libritts/cosyvoice2/exp/cosyvoice/test_dpo_epoch_1/instruct/liuchanhg_208_surprise_0.wav	/root/autodl-tmp/CosyVoice_dev/examples/libritts/cosyvoice2/data/m3ed/test/A_guainiguofenmeili_10_11.wav
/root/autodl-tmp/CosyVoice_dev/examples/libritts/cosyvoice2/exp/cosyvoice/test_dpo_epoch_1/instruct/zhaoquanyin_226_surprise_0.wav	/root/autodl-tmp/CosyVoice_dev/examples/libritts/cosyvoice2/data/m3ed/test/A_luohunshidai_4_11.wav
/root/autodl-tmp/CosyVoice_dev/examples/libritts/cosyvoice2/exp/cosyvoice/test_dpo_epoch_1/instruct/wangzhe_239_happy_0.wav	/root/autodl-tmp/CosyVoice_dev/examples/libritts/cosyvoice2/data/m3ed/test/B_xiangjianni_10_15.wav
/root/autodl-tmp/CosyVoice_dev/examples/libritts/cosyvoice2/exp/cosyvoice/test_dpo_epoch_1/instruct/wangzhe_244_neutral_0.wav	/root/autodl-tmp/CosyVoice_dev/examples/libritts/cosyvoice2/data/m3ed/test/A_liujinsuiyue_19_23.wav
/root/autodl-tmp/CosyVoice_dev/examples/libritts/cosyvoice2/exp/cosyvoice/test_dpo_epoch_1/instruct/wangzhe_234_neutral_0.wav	/root/autodl-tmp/CosyVoice_dev/examples/libritts/cosyvoice2/data/m3ed/test/A_guainiguofenmeili_1_4.wav
/root/autodl-tmp/CosyVoice_dev/examples/libritts/cosyvoice2/exp/cosyvoice/test_dpo_epoch_1/instruct/zhaoquanyin_244_happy_0.wav	/root/autodl-tmp/CosyVoice_dev/examples/libritts/cosyvoice2/data/m3ed/test/A_guainiguofenmeili_1_16.wav
/root/autodl-tmp/CosyVoice_dev/examples/libritts/cosyvoice2/exp/cosyvoice/test_dpo_epoch_1/instruct/zhaoquanyin_203_neutral_0.wav	/root/autodl-tmp/CosyVoice_dev/examples/libritts/cosyvoice2/data/m3ed/test/A_huanlesong_17_9.wav
/root/autodl-tmp/CosyVoice_dev/examples/libritts/cosyvoice2/exp/cosyvoice/test_dpo_epoch_1/instruct/zhaoquanyin_236_happy_0.wav	/root/autodl-tmp/CosyVoice_dev/examples/libritts/cosyvoice2/data/m3ed/test/A_huanlesong_11_15.wav
/root/autodl-tmp/CosyVoice_dev/examples/libritts/cosyvoice2/exp/cosyvoice/test_dpo_epoch_1/instruct/liuchanhg_215_surprise_0.wav	/root/autodl-tmp/CosyVoice_dev/examples/libritts/cosyvoice2/data/m3ed/test/A_jiayouernv_10_2.wav
/root/autodl-tmp/CosyVoice_dev/examples/libritts/cosyvoice2/exp/cosyvoice/test_dpo_epoch_1/instruct/wangzhe_223_fear_0.wav	/root/autodl-tmp/CosyVoice_dev/examples/libritts/cosyvoice2/data/m3ed/test/A_jiayouernv_9_29.wav
/root/autodl-tmp/CosyVoice_dev/examples/libritts/cosyvoice2/exp/cosyvoice/test_dpo_epoch_1/instruct/liuchanhg_234_neutral_0.wav	/root/autodl-tmp/CosyVoice_dev/examples/libritts/cosyvoice2/data/m3ed/test/A_rucikeaidewomen_10_12.wav
/root/autodl-tmp/CosyVoice_dev/examples/libritts/cosyvoice2/exp/cosyvoice/test_dpo_epoch_1/instruct/liuchanhg_229_neutral_0.wav	/root/autodl-tmp/CosyVoice_dev/examples/libritts/cosyvoice2/data/m3ed/test/A_guainiguofenmeili_1_13.wav
/root/autodl-tmp/CosyVoice_dev/examples/libritts/cosyvoice2/exp/cosyvoice/test_dpo_epoch_1/instruct/wangzhe_217_happy_0.wav	/root/autodl-tmp/CosyVoice_dev/examples/libritts/cosyvoice2/data/m3ed/test/A_jiayouernv_8_20.wav
/root/autodl-tmp/CosyVoice_dev/examples/libritts/cosyvoice2/exp/cosyvoice/test_dpo_epoch_1/instruct/ZhaoZuoxiang_225_neutral_0.wav	/root/autodl-tmp/CosyVoice_dev/examples/libritts/cosyvoice2/data/m3ed/test/A_jiayouernv_9_5.wav
/root/autodl-tmp/CosyVoice_dev/examples/libritts/cosyvoice2/exp/cosyvoice/test_dpo_epoch_1/instruct/wangzhe_213_angry_0.wav	/root/autodl-tmp/CosyVoice_dev/examples/libritts/cosyvoice2/data/m3ed/test/A_guainiguofenmeili_10_12.wav
/root/autodl-tmp/CosyVoice_dev/examples/libritts/cosyvoice2/exp/cosyvoice/test_dpo_epoch_1/instruct/liuchanhg_221_fear_0.wav	/root/autodl-tmp/CosyVoice_dev/examples/libritts/cosyvoice2/data/m3ed/test/A_luohunshidai_4_8.wav
/root/autodl-tmp/CosyVoice_dev/examples/libritts/cosyvoice2/exp/cosyvoice/test_dpo_epoch_1/instruct/ZhaoZuoxiang_240_neutral_0.wav	/root/autodl-tmp/CosyVoice_dev/examples/libritts/cosyvoice2/data/m3ed/test/A_huanlesong_12_15.wav
/root/autodl-tmp/CosyVoice_dev/examples/libritts/cosyvoice2/exp/cosyvoice/test_dpo_epoch_1/instruct/liuchanhg_242_happy_0.wav	/root/autodl-tmp/CosyVoice_dev/examples/libritts/cosyvoice2/data/m3ed/test/A_huanlesong_14_15.wav
/root/autodl-tmp/CosyVoice_dev/examples/libritts/cosyvoice2/exp/cosyvoice/test_dpo_epoch_1/instruct/wangzhe_227_neutral_0.wav	/root/autodl-tmp/CosyVoice_dev/examples/libritts/cosyvoice2/data/m3ed/test/A_guainiguofenmeili_10_5.wav
/root/autodl-tmp/CosyVoice_dev/examples/libritts/cosyvoice2/exp/cosyvoice/test_dpo_epoch_1/instruct/wangzhe_227_sad_0.wav	/root/autodl-tmp/CosyVoice_dev/examples/libritts/cosyvoice2/data/m3ed/test/A_guainiguofenmeili_1_14.wav
/root/autodl-tmp/CosyVoice_dev/examples/libritts/cosyvoice2/exp/cosyvoice/test_dpo_epoch_1/instruct/liuchanhg_237_happy_0.wav	/root/autodl-tmp/CosyVoice_dev/examples/libritts/cosyvoice2/data/m3ed/test/A_jiayouernv_8_29.wav
/root/autodl-tmp/CosyVoice_dev/examples/libritts/cosyvoice2/exp/cosyvoice/test_dpo_epoch_1/instruct/zhaoquanyin_245_neutral_0.wav	/root/autodl-tmp/CosyVoice_dev/examples/libritts/cosyvoice2/data/m3ed/test/A_huanlesong_14_25.wav
/root/autodl-tmp/CosyVoice_dev/examples/libritts/cosyvoice2/exp/cosyvoice/test_dpo_epoch_1/instruct/wangzhe_236_sad_0.wav	/root/autodl-tmp/CosyVoice_dev/examples/libritts/cosyvoice2/data/m3ed/test/A_huanlesong_1_17.wav
/root/autodl-tmp/CosyVoice_dev/examples/libritts/cosyvoice2/exp/cosyvoice/test_dpo_epoch_1/instruct/zhaoquanyin_250_angry_0.wav	/root/autodl-tmp/CosyVoice_dev/examples/libritts/cosyvoice2/data/m3ed/test/B_xiangjianni_14_8.wav
/root/autodl-tmp/CosyVoice_dev/examples/libritts/cosyvoice2/exp/cosyvoice/test_dpo_epoch_1/instruct/ZhaoZuoxiang_224_surprise_0.wav	/root/autodl-tmp/CosyVoice_dev/examples/libritts/cosyvoice2/data/m3ed/test/A_huanlesong_16_10.wav
/root/autodl-tmp/CosyVoice_dev/examples/libritts/cosyvoice2/exp/cosyvoice/test_dpo_epoch_1/instruct/wangzhe_230_sad_0.wav	/root/autodl-tmp/CosyVoice_dev/examples/libritts/cosyvoice2/data/m3ed/test/A_huanlesong_10_22.wav
/root/autodl-tmp/CosyVoice_dev/examples/libritts/cosyvoice2/exp/cosyvoice/test_dpo_epoch_1/instruct/liuchanhg_237_neutral_0.wav	/root/autodl-tmp/CosyVoice_dev/examples/libritts/cosyvoice2/data/m3ed/test/A_jiayouernv_1_13.wav
/root/autodl-tmp/CosyVoice_dev/examples/libritts/cosyvoice2/exp/cosyvoice/test_dpo_epoch_1/instruct/wangzhe_220_fear_0.wav	/root/autodl-tmp/CosyVoice_dev/examples/libritts/cosyvoice2/data/m3ed/test/A_huanlesong_1_18.wav
/root/autodl-tmp/CosyVoice_dev/examples/libritts/cosyvoice2/exp/cosyvoice/test_dpo_epoch_1/instruct/wangzhe_247_sad_0.wav	/root/autodl-tmp/CosyVoice_dev/examples/libritts/cosyvoice2/data/m3ed/test/A_huanlesong_16_3.wav
/root/autodl-tmp/CosyVoice_dev/examples/libritts/cosyvoice2/exp/cosyvoice/test_dpo_epoch_1/instruct/wangzhe_225_happy_0.wav	/root/autodl-tmp/CosyVoice_dev/examples/libritts/cosyvoice2/data/m3ed/test/A_guainiguofenmeili_5_14.wav
/root/autodl-tmp/CosyVoice_dev/examples/libritts/cosyvoice2/exp/cosyvoice/test_dpo_epoch_1/instruct/liuchanhg_247_angry_0.wav	/root/autodl-tmp/CosyVoice_dev/examples/libritts/cosyvoice2/data/m3ed/test/A_guainiguofenmeili_3_18.wav
/root/autodl-tmp/CosyVoice_dev/examples/libritts/cosyvoice2/exp/cosyvoice/test_dpo_epoch_1/instruct/zhaoquanyin_215_neutral_0.wav	/root/autodl-tmp/CosyVoice_dev/examples/libritts/cosyvoice2/data/m3ed/test/B_xiangjianni_10_12.wav
/root/autodl-tmp/CosyVoice_dev/examples/libritts/cosyvoice2/exp/cosyvoice/test_dpo_epoch_1/instruct/zhaoquanyin_221_neutral_0.wav	/root/autodl-tmp/CosyVoice_dev/examples/libritts/cosyvoice2/data/m3ed/test/A_guainiguofenmeili_1_1.wav
/root/autodl-tmp/CosyVoice_dev/examples/libritts/cosyvoice2/exp/cosyvoice/test_dpo_epoch_1/instruct/zhaoquanyin_230_happy_0.wav	/root/autodl-tmp/CosyVoice_dev/examples/libritts/cosyvoice2/data/m3ed/test/A_guainiguofenmeili_4_7.wav
/root/autodl-tmp/CosyVoice_dev/examples/libritts/cosyvoice2/exp/cosyvoice/test_dpo_epoch_1/instruct/wangzhe_232_neutral_0.wav	/root/autodl-tmp/CosyVoice_dev/examples/libritts/cosyvoice2/data/m3ed/test/A_huanlesong_16_20.wav
/root/autodl-tmp/CosyVoice_dev/examples/libritts/cosyvoice2/exp/cosyvoice/test_dpo_epoch_1/instruct/zhaoquanyin_234_neutral_0.wav	/root/autodl-tmp/CosyVoice_dev/examples/libritts/cosyvoice2/data/m3ed/test/A_guainiguofenmeili_6_4.wav
/root/autodl-tmp/CosyVoice_dev/examples/libritts/cosyvoice2/exp/cosyvoice/test_dpo_epoch_1/instruct/wangzhe_249_happy_0.wav	/root/autodl-tmp/CosyVoice_dev/examples/libritts/cosyvoice2/data/m3ed/test/A_huanlesong_5_17.wav
/root/autodl-tmp/CosyVoice_dev/examples/libritts/cosyvoice2/exp/cosyvoice/test_dpo_epoch_1/instruct/liuchanhg_228_happy_0.wav	/root/autodl-tmp/CosyVoice_dev/examples/libritts/cosyvoice2/data/m3ed/test/A_huanlesong_13_27.wav
/root/autodl-tmp/CosyVoice_dev/examples/libritts/cosyvoice2/exp/cosyvoice/test_dpo_epoch_1/instruct/zhaoquanyin_236_neutral_0.wav	/root/autodl-tmp/CosyVoice_dev/examples/libritts/cosyvoice2/data/m3ed/test/A_jiayouernv_15_2.wav
/root/autodl-tmp/CosyVoice_dev/examples/libritts/cosyvoice2/exp/cosyvoice/test_dpo_epoch_1/instruct/liuchanhg_208_neutral_0.wav	/root/autodl-tmp/CosyVoice_dev/examples/libritts/cosyvoice2/data/m3ed/test/A_huanlesong_14_1.wav
/root/autodl-tmp/CosyVoice_dev/examples/libritts/cosyvoice2/exp/cosyvoice/test_dpo_epoch_1/instruct/liuchanhg_212_angry_0.wav	/root/autodl-tmp/CosyVoice_dev/examples/libritts/cosyvoice2/data/m3ed/test/B_huanlesong_20_7.wav
/root/autodl-tmp/CosyVoice_dev/examples/libritts/cosyvoice2/exp/cosyvoice/test_dpo_epoch_1/instruct/liuchanhg_238_neutral_0.wav	/root/autodl-tmp/CosyVoice_dev/examples/libritts/cosyvoice2/data/m3ed/test/A_guainiguofenmeili_11_23.wav
/root/autodl-tmp/CosyVoice_dev/examples/libritts/cosyvoice2/exp/cosyvoice/test_dpo_epoch_1/instruct/liuchanhg_227_angry_0.wav	/root/autodl-tmp/CosyVoice_dev/examples/libritts/cosyvoice2/data/m3ed/test/A_guainiguofenmeili_3_8.wav
/root/autodl-tmp/CosyVoice_dev/examples/libritts/cosyvoice2/exp/cosyvoice/test_dpo_epoch_1/instruct/liuchanhg_239_angry_0.wav	/root/autodl-tmp/CosyVoice_dev/examples/libritts/cosyvoice2/data/m3ed/test/A_huanlesong_1_16.wav
/root/autodl-tmp/CosyVoice_dev/examples/libritts/cosyvoice2/exp/cosyvoice/test_dpo_epoch_1/instruct/zhaoquanyin_202_neutral_0.wav	/root/autodl-tmp/CosyVoice_dev/examples/libritts/cosyvoice2/data/m3ed/test/A_huanlesong_14_28.wav
/root/autodl-tmp/CosyVoice_dev/examples/libritts/cosyvoice2/exp/cosyvoice/test_dpo_epoch_1/instruct/zhaoquanyin_214_neutral_0.wav	/root/autodl-tmp/CosyVoice_dev/examples/libritts/cosyvoice2/data/m3ed/test/A_huanlesong_13_31.wav
/root/autodl-tmp/CosyVoice_dev/examples/libritts/cosyvoice2/exp/cosyvoice/test_dpo_epoch_1/instruct/zhaoquanyin_247_neutral_0.wav	/root/autodl-tmp/CosyVoice_dev/examples/libritts/cosyvoice2/data/m3ed/test/A_guainiguofenmeili_12_3.wav
/root/autodl-tmp/CosyVoice_dev/examples/libritts/cosyvoice2/exp/cosyvoice/test_dpo_epoch_1/instruct/liuchanhg_236_happy_0.wav	/root/autodl-tmp/CosyVoice_dev/examples/libritts/cosyvoice2/data/m3ed/test/A_huanlesong_14_9.wav
/root/autodl-tmp/CosyVoice_dev/examples/libritts/cosyvoice2/exp/cosyvoice/test_dpo_epoch_1/instruct/zhaoquanyin_227_fear_0.wav	/root/autodl-tmp/CosyVoice_dev/examples/libritts/cosyvoice2/data/m3ed/test/A_huanlesong_9_9.wav
/root/autodl-tmp/CosyVoice_dev/examples/libritts/cosyvoice2/exp/cosyvoice/test_dpo_epoch_1/instruct/liuchanhg_218_angry_0.wav	/root/autodl-tmp/CosyVoice_dev/examples/libritts/cosyvoice2/data/m3ed/test/A_huanlesong_1_20.wav
/root/autodl-tmp/CosyVoice_dev/examples/libritts/cosyvoice2/exp/cosyvoice/test_dpo_epoch_1/instruct/liuchanhg_243_neutral_0.wav	/root/autodl-tmp/CosyVoice_dev/examples/libritts/cosyvoice2/data/m3ed/test/A_huanlesong_13_35.wav
/root/autodl-tmp/CosyVoice_dev/examples/libritts/cosyvoice2/exp/cosyvoice/test_dpo_epoch_1/instruct/wangzhe_232_fear_0.wav	/root/autodl-tmp/CosyVoice_dev/examples/libritts/cosyvoice2/data/m3ed/test/A_guainiguofenmeili_1_8.wav
/root/autodl-tmp/CosyVoice_dev/examples/libritts/cosyvoice2/exp/cosyvoice/test_dpo_epoch_1/instruct/liuchanhg_235_angry_0.wav	/root/autodl-tmp/CosyVoice_dev/examples/libritts/cosyvoice2/data/m3ed/test/A_jiayouernv_9_3.wav
/root/autodl-tmp/CosyVoice_dev/examples/libritts/cosyvoice2/exp/cosyvoice/test_dpo_epoch_1/instruct/liuchanhg_234_angry_0.wav	/root/autodl-tmp/CosyVoice_dev/examples/libritts/cosyvoice2/data/m3ed/test/A_huanlesong_11_30.wav
/root/autodl-tmp/CosyVoice_dev/examples/libritts/cosyvoice2/exp/cosyvoice/test_dpo_epoch_1/instruct/liuchanhg_239_happy_0.wav	/root/autodl-tmp/CosyVoice_dev/examples/libritts/cosyvoice2/data/m3ed/test/A_huanlesong_6_3.wav
/root/autodl-tmp/CosyVoice_dev/examples/libritts/cosyvoice2/exp/cosyvoice/test_dpo_epoch_1/instruct/wangzhe_225_neutral_0.wav	/root/autodl-tmp/CosyVoice_dev/examples/libritts/cosyvoice2/data/m3ed/test/A_guainiguofenmeili_8_1.wav
/root/autodl-tmp/CosyVoice_dev/examples/libritts/cosyvoice2/exp/cosyvoice/test_dpo_epoch_1/instruct/zhaoquanyin_207_sad_0.wav	/root/autodl-tmp/CosyVoice_dev/examples/libritts/cosyvoice2/data/m3ed/test/A_huanlesong_19_6.wav
/root/autodl-tmp/CosyVoice_dev/examples/libritts/cosyvoice2/exp/cosyvoice/test_dpo_epoch_1/instruct/zhaoquanyin_233_surprise_0.wav	/root/autodl-tmp/CosyVoice_dev/examples/libritts/cosyvoice2/data/m3ed/test/A_guainiguofenmeili_5_11.wav
/root/autodl-tmp/CosyVoice_dev/examples/libritts/cosyvoice2/exp/cosyvoice/test_dpo_epoch_1/instruct/liuchanhg_219_fear_0.wav	/root/autodl-tmp/CosyVoice_dev/examples/libritts/cosyvoice2/data/m3ed/test/A_huanlesong_4_5.wav
/root/autodl-tmp/CosyVoice_dev/examples/libritts/cosyvoice2/exp/cosyvoice/test_dpo_epoch_1/instruct/zhaoquanyin_245_sad_0.wav	/root/autodl-tmp/CosyVoice_dev/examples/libritts/cosyvoice2/data/m3ed/test/B_xiangjianni_10_13.wav
/root/autodl-tmp/CosyVoice_dev/examples/libritts/cosyvoice2/exp/cosyvoice/test_dpo_epoch_1/instruct/zhaoquanyin_232_happy_0.wav	/root/autodl-tmp/CosyVoice_dev/examples/libritts/cosyvoice2/data/m3ed/test/A_guainiguofenmeili_10_2.wav
/root/autodl-tmp/CosyVoice_dev/examples/libritts/cosyvoice2/exp/cosyvoice/test_dpo_epoch_1/instruct/liuchanhg_246_angry_0.wav	/root/autodl-tmp/CosyVoice_dev/examples/libritts/cosyvoice2/data/m3ed/test/A_guainiguofenmeili_11_2.wav
/root/autodl-tmp/CosyVoice_dev/examples/libritts/cosyvoice2/exp/cosyvoice/test_dpo_epoch_1/instruct/wangzhe_228_sad_0.wav	/root/autodl-tmp/CosyVoice_dev/examples/libritts/cosyvoice2/data/m3ed/test/A_woju_11_2.wav
/root/autodl-tmp/CosyVoice_dev/examples/libritts/cosyvoice2/exp/cosyvoice/test_dpo_epoch_1/instruct/liuchanhg_232_happy_0.wav	/root/autodl-tmp/CosyVoice_dev/examples/libritts/cosyvoice2/data/m3ed/test/A_xiayizhanshixingfu_11_1.wav
/root/autodl-tmp/CosyVoice_dev/examples/libritts/cosyvoice2/exp/cosyvoice/test_dpo_epoch_1/instruct/liuchanhg_203_angry_0.wav	/root/autodl-tmp/CosyVoice_dev/examples/libritts/cosyvoice2/data/m3ed/test/A_huanlesong_13_33.wav
/root/autodl-tmp/CosyVoice_dev/examples/libritts/cosyvoice2/exp/cosyvoice/test_dpo_epoch_1/instruct/zhaoquanyin_250_surprise_0.wav	/root/autodl-tmp/CosyVoice_dev/examples/libritts/cosyvoice2/data/m3ed/test/A_huanlesong_18_13.wav
/root/autodl-tmp/CosyVoice_dev/examples/libritts/cosyvoice2/exp/cosyvoice/test_dpo_epoch_1/instruct/wangzhe_218_neutral_0.wav	/root/autodl-tmp/CosyVoice_dev/examples/libritts/cosyvoice2/data/m3ed/test/A_huanlesong_11_11.wav
/root/autodl-tmp/CosyVoice_dev/examples/libritts/cosyvoice2/exp/cosyvoice/test_dpo_epoch_1/instruct/wangzhe_217_neutral_0.wav	/root/autodl-tmp/CosyVoice_dev/examples/libritts/cosyvoice2/data/m3ed/test/A_luohunshidai_4_12.wav
/root/autodl-tmp/CosyVoice_dev/examples/libritts/cosyvoice2/exp/cosyvoice/test_dpo_epoch_1/instruct/zhaoquanyin_220_neutral_0.wav	/root/autodl-tmp/CosyVoice_dev/examples/libritts/cosyvoice2/data/m3ed/test/A_huanlesong_17_31.wav
/root/autodl-tmp/CosyVoice_dev/examples/libritts/cosyvoice2/exp/cosyvoice/test_dpo_epoch_1/instruct/liuchanhg_249_neutral_0.wav	/root/autodl-tmp/CosyVoice_dev/examples/libritts/cosyvoice2/data/m3ed/test/A_jiayouernv_15_10.wav
/root/autodl-tmp/CosyVoice_dev/examples/libritts/cosyvoice2/exp/cosyvoice/test_dpo_epoch_1/instruct/liuchanhg_213_surprise_0.wav	/root/autodl-tmp/CosyVoice_dev/examples/libritts/cosyvoice2/data/m3ed/test/A_jiayouernv_9_36.wav
/root/autodl-tmp/CosyVoice_dev/examples/libritts/cosyvoice2/exp/cosyvoice/test_dpo_epoch_1/instruct/ZhaoZuoxiang_214_neutral_0.wav	/root/autodl-tmp/CosyVoice_dev/examples/libritts/cosyvoice2/data/m3ed/test/A_jiayouernv_9_24.wav
/root/autodl-tmp/CosyVoice_dev/examples/libritts/cosyvoice2/exp/cosyvoice/test_dpo_epoch_1/instruct/ZhaoZuoxiang_218_surprise_0.wav	/root/autodl-tmp/CosyVoice_dev/examples/libritts/cosyvoice2/data/m3ed/test/A_guainiguofenmeili_3_19.wav
/root/autodl-tmp/CosyVoice_dev/examples/libritts/cosyvoice2/exp/cosyvoice/test_dpo_epoch_1/instruct/zhaoquanyin_230_fear_0.wav	/root/autodl-tmp/CosyVoice_dev/examples/libritts/cosyvoice2/data/m3ed/test/A_guainiguofenmeili_4_11.wav
/root/autodl-tmp/CosyVoice_dev/examples/libritts/cosyvoice2/exp/cosyvoice/test_dpo_epoch_1/instruct/liuchanhg_240_happy_0.wav	/root/autodl-tmp/CosyVoice_dev/examples/libritts/cosyvoice2/data/m3ed/test/A_guainiguofenmeili_9_9.wav
/root/autodl-tmp/CosyVoice_dev/examples/libritts/cosyvoice2/exp/cosyvoice/test_dpo_epoch_1/instruct/ZhaoZuoxiang_216_surprise_0.wav	/root/autodl-tmp/CosyVoice_dev/examples/libritts/cosyvoice2/data/m3ed/test/A_xiayizhanshixingfu_11_2.wav
/root/autodl-tmp/CosyVoice_dev/examples/libritts/cosyvoice2/exp/cosyvoice/test_dpo_epoch_1/instruct/liuchanhg_250_surprise_0.wav	/root/autodl-tmp/CosyVoice_dev/examples/libritts/cosyvoice2/data/m3ed/test/A_guainiguofenmeili_4_5.wav
/root/autodl-tmp/CosyVoice_dev/examples/libritts/cosyvoice2/exp/cosyvoice/test_dpo_epoch_1/instruct/liuchanhg_246_surprise_0.wav	/root/autodl-tmp/CosyVoice_dev/examples/libritts/cosyvoice2/data/m3ed/test/A_jiayouernv_3_10.wav
/root/autodl-tmp/CosyVoice_dev/examples/libritts/cosyvoice2/exp/cosyvoice/test_dpo_epoch_1/instruct/wangzhe_223_sad_0.wav	/root/autodl-tmp/CosyVoice_dev/examples/libritts/cosyvoice2/data/m3ed/test/A_huanlesong_5_13.wav
/root/autodl-tmp/CosyVoice_dev/examples/libritts/cosyvoice2/exp/cosyvoice/test_dpo_epoch_1/instruct/liuchanhg_230_angry_0.wav	/root/autodl-tmp/CosyVoice_dev/examples/libritts/cosyvoice2/data/m3ed/test/A_huanlesong_4_7.wav
/root/autodl-tmp/CosyVoice_dev/examples/libritts/cosyvoice2/exp/cosyvoice/test_dpo_epoch_1/instruct/zhaoquanyin_237_fear_0.wav	/root/autodl-tmp/CosyVoice_dev/examples/libritts/cosyvoice2/data/m3ed/test/A_huanlesong_13_34.wav
/root/autodl-tmp/CosyVoice_dev/examples/libritts/cosyvoice2/exp/cosyvoice/test_dpo_epoch_1/instruct/wangzhe_250_surprise_0.wav	/root/autodl-tmp/CosyVoice_dev/examples/libritts/cosyvoice2/data/m3ed/test/A_huanlesong_1_11.wav
/root/autodl-tmp/CosyVoice_dev/examples/libritts/cosyvoice2/exp/cosyvoice/test_dpo_epoch_1/instruct/liuchanhg_212_fear_0.wav	/root/autodl-tmp/CosyVoice_dev/examples/libritts/cosyvoice2/data/m3ed/test/A_huanlesong_5_16.wav
/root/autodl-tmp/CosyVoice_dev/examples/libritts/cosyvoice2/exp/cosyvoice/test_dpo_epoch_1/instruct/wangzhe_249_fear_0.wav	/root/autodl-tmp/CosyVoice_dev/examples/libritts/cosyvoice2/data/m3ed/test/A_guainiguofenmeili_4_1.wav
/root/autodl-tmp/CosyVoice_dev/examples/libritts/cosyvoice2/exp/cosyvoice/test_dpo_epoch_1/instruct/zhaoquanyin_201_surprise_0.wav	/root/autodl-tmp/CosyVoice_dev/examples/libritts/cosyvoice2/data/m3ed/test/A_jiayouernv_8_8.wav
/root/autodl-tmp/CosyVoice_dev/examples/libritts/cosyvoice2/exp/cosyvoice/test_dpo_epoch_1/instruct/zhaoquanyin_213_neutral_0.wav	/root/autodl-tmp/CosyVoice_dev/examples/libritts/cosyvoice2/data/m3ed/test/A_woju_11_24.wav
/root/autodl-tmp/CosyVoice_dev/examples/libritts/cosyvoice2/exp/cosyvoice/test_dpo_epoch_1/instruct/zhaoquanyin_207_neutral_0.wav	/root/autodl-tmp/CosyVoice_dev/examples/libritts/cosyvoice2/data/m3ed/test/A_jiayouernv_16_21.wav
/root/autodl-tmp/CosyVoice_dev/examples/libritts/cosyvoice2/exp/cosyvoice/test_dpo_epoch_1/instruct/liuchanhg_205_angry_0.wav	/root/autodl-tmp/CosyVoice_dev/examples/libritts/cosyvoice2/data/m3ed/test/A_guainiguofenmeili_6_11.wav
/root/autodl-tmp/CosyVoice_dev/examples/libritts/cosyvoice2/exp/cosyvoice/test_dpo_epoch_1/instruct/liuchanhg_217_angry_0.wav	/root/autodl-tmp/CosyVoice_dev/examples/libritts/cosyvoice2/data/m3ed/test/B_huanlesong_20_12.wav
/root/autodl-tmp/CosyVoice_dev/examples/libritts/cosyvoice2/exp/cosyvoice/test_dpo_epoch_1/instruct/zhaoquanyin_241_fear_0.wav	/root/autodl-tmp/CosyVoice_dev/examples/libritts/cosyvoice2/data/m3ed/test/A_huanlesong_10_25.wav
/root/autodl-tmp/CosyVoice_dev/examples/libritts/cosyvoice2/exp/cosyvoice/test_dpo_epoch_1/instruct/liuchanhg_201_fear_0.wav	/root/autodl-tmp/CosyVoice_dev/examples/libritts/cosyvoice2/data/m3ed/test/A_guainiguofenmeili_1_15.wav
/root/autodl-tmp/CosyVoice_dev/examples/libritts/cosyvoice2/exp/cosyvoice/test_dpo_epoch_1/instruct/ZhaoZuoxiang_237_neutral_0.wav	/root/autodl-tmp/CosyVoice_dev/examples/libritts/cosyvoice2/data/m3ed/test/A_jiayouernv_12_24.wav
/root/autodl-tmp/CosyVoice_dev/examples/libritts/cosyvoice2/exp/cosyvoice/test_dpo_epoch_1/instruct/ZhaoZuoxiang_246_neutral_0.wav	/root/autodl-tmp/CosyVoice_dev/examples/libritts/cosyvoice2/data/m3ed/test/A_guainiguofenmeili_9_3.wav
/root/autodl-tmp/CosyVoice_dev/examples/libritts/cosyvoice2/exp/cosyvoice/test_dpo_epoch_1/instruct/liuchanhg_221_angry_0.wav	/root/autodl-tmp/CosyVoice_dev/examples/libritts/cosyvoice2/data/m3ed/test/A_huanlesong_10_35.wav
/root/autodl-tmp/CosyVoice_dev/examples/libritts/cosyvoice2/exp/cosyvoice/test_dpo_epoch_1/instruct/ZhaoZuoxiang_238_fear_0.wav	/root/autodl-tmp/CosyVoice_dev/examples/libritts/cosyvoice2/data/m3ed/test/A_huanlesong_17_28.wav
/root/autodl-tmp/CosyVoice_dev/examples/libritts/cosyvoice2/exp/cosyvoice/test_dpo_epoch_1/instruct/zhaoquanyin_221_sad_0.wav	/root/autodl-tmp/CosyVoice_dev/examples/libritts/cosyvoice2/data/m3ed/test/A_huanlesong_4_11.wav
/root/autodl-tmp/CosyVoice_dev/examples/libritts/cosyvoice2/exp/cosyvoice/test_dpo_epoch_1/instruct/zhaoquanyin_240_neutral_0.wav	/root/autodl-tmp/CosyVoice_dev/examples/libritts/cosyvoice2/data/m3ed/test/B_jiayouernv_5_3.wav
/root/autodl-tmp/CosyVoice_dev/examples/libritts/cosyvoice2/exp/cosyvoice/test_dpo_epoch_1/instruct/zhaoquanyin_229_fear_0.wav	/root/autodl-tmp/CosyVoice_dev/examples/libritts/cosyvoice2/data/m3ed/test/A_jiayouernv_11_6.wav
/root/autodl-tmp/CosyVoice_dev/examples/libritts/cosyvoice2/exp/cosyvoice/test_dpo_epoch_1/instruct/zhaoquanyin_209_sad_0.wav	/root/autodl-tmp/CosyVoice_dev/examples/libritts/cosyvoice2/data/m3ed/test/A_huanlesong_4_4.wav
/root/autodl-tmp/CosyVoice_dev/examples/libritts/cosyvoice2/exp/cosyvoice/test_dpo_epoch_1/instruct/liuchanhg_237_angry_0.wav	/root/autodl-tmp/CosyVoice_dev/examples/libritts/cosyvoice2/data/m3ed/test/A_jiayouernv_11_3.wav
/root/autodl-tmp/CosyVoice_dev/examples/libritts/cosyvoice2/exp/cosyvoice/test_dpo_epoch_1/instruct/wangzhe_220_sad_0.wav	/root/autodl-tmp/CosyVoice_dev/examples/libritts/cosyvoice2/data/m3ed/test/A_guainiguofenmeili_4_2.wav
/root/autodl-tmp/CosyVoice_dev/examples/libritts/cosyvoice2/exp/cosyvoice/test_dpo_epoch_1/instruct/liuchanhg_219_sad_0.wav	/root/autodl-tmp/CosyVoice_dev/examples/libritts/cosyvoice2/data/m3ed/test/B_xiayizhanshixingfu_6_10.wav
/root/autodl-tmp/CosyVoice_dev/examples/libritts/cosyvoice2/exp/cosyvoice/test_dpo_epoch_1/instruct/liuchanhg_214_angry_0.wav	/root/autodl-tmp/CosyVoice_dev/examples/libritts/cosyvoice2/data/m3ed/test/A_jiayouernv_13_14.wav
/root/autodl-tmp/CosyVoice_dev/examples/libritts/cosyvoice2/exp/cosyvoice/test_dpo_epoch_1/instruct/ZhaoZuoxiang_232_neutral_0.wav	/root/autodl-tmp/CosyVoice_dev/examples/libritts/cosyvoice2/data/m3ed/test/A_guainiguofenmeili_12_13.wav
/root/autodl-tmp/CosyVoice_dev/examples/libritts/cosyvoice2/exp/cosyvoice/test_dpo_epoch_1/instruct/liuchanhg_206_sad_0.wav	/root/autodl-tmp/CosyVoice_dev/examples/libritts/cosyvoice2/data/m3ed/test/A_liujinsuiyue_19_22.wav
/root/autodl-tmp/CosyVoice_dev/examples/libritts/cosyvoice2/exp/cosyvoice/test_dpo_epoch_1/instruct/zhaoquanyin_205_fear_0.wav	/root/autodl-tmp/CosyVoice_dev/examples/libritts/cosyvoice2/data/m3ed/test/A_huanlesong_14_8.wav
/root/autodl-tmp/CosyVoice_dev/examples/libritts/cosyvoice2/exp/cosyvoice/test_dpo_epoch_1/instruct/zhaoquanyin_201_fear_0.wav	/root/autodl-tmp/CosyVoice_dev/examples/libritts/cosyvoice2/data/m3ed/test/A_huanlesong_11_7.wav
/root/autodl-tmp/CosyVoice_dev/examples/libritts/cosyvoice2/exp/cosyvoice/test_dpo_epoch_1/instruct/liuchanhg_203_fear_0.wav	/root/autodl-tmp/CosyVoice_dev/examples/libritts/cosyvoice2/data/m3ed/test/B_huanlesong_20_10.wav
/root/autodl-tmp/CosyVoice_dev/examples/libritts/cosyvoice2/exp/cosyvoice/test_dpo_epoch_1/instruct/zhaoquanyin_206_sad_0.wav	/root/autodl-tmp/CosyVoice_dev/examples/libritts/cosyvoice2/data/m3ed/test/A_xiayizhanshixingfu_7_4.wav
/root/autodl-tmp/CosyVoice_dev/examples/libritts/cosyvoice2/exp/cosyvoice/test_dpo_epoch_1/instruct/liuchanhg_220_angry_0.wav	/root/autodl-tmp/CosyVoice_dev/examples/libritts/cosyvoice2/data/m3ed/test/A_huanlesong_13_32.wav
/root/autodl-tmp/CosyVoice_dev/examples/libritts/cosyvoice2/exp/cosyvoice/test_dpo_epoch_1/instruct/zhaoquanyin_210_neutral_0.wav	/root/autodl-tmp/CosyVoice_dev/examples/libritts/cosyvoice2/data/m3ed/test/A_jiayouernv_9_28.wav
/root/autodl-tmp/CosyVoice_dev/examples/libritts/cosyvoice2/exp/cosyvoice/test_dpo_epoch_1/instruct/wangzhe_250_sad_0.wav	/root/autodl-tmp/CosyVoice_dev/examples/libritts/cosyvoice2/data/m3ed/test/A_huanlesong_11_18.wav
/root/autodl-tmp/CosyVoice_dev/examples/libritts/cosyvoice2/exp/cosyvoice/test_dpo_epoch_1/instruct/liuchanhg_244_angry_0.wav	/root/autodl-tmp/CosyVoice_dev/examples/libritts/cosyvoice2/data/m3ed/test/A_xiangjianni_8_15.wav
/root/autodl-tmp/CosyVoice_dev/examples/libritts/cosyvoice2/exp/cosyvoice/test_dpo_epoch_1/instruct/wangzhe_217_fear_0.wav	/root/autodl-tmp/CosyVoice_dev/examples/libritts/cosyvoice2/data/m3ed/test/A_huanlesong_17_11.wav
/root/autodl-tmp/CosyVoice_dev/examples/libritts/cosyvoice2/exp/cosyvoice/test_dpo_epoch_1/instruct/liuchanhg_231_angry_0.wav	/root/autodl-tmp/CosyVoice_dev/examples/libritts/cosyvoice2/data/m3ed/test/A_xiayizhanshixingfu_7_3.wav
/root/autodl-tmp/CosyVoice_dev/examples/libritts/cosyvoice2/exp/cosyvoice/test_dpo_epoch_1/instruct/ZhaoZuoxiang_217_neutral_0.wav	/root/autodl-tmp/CosyVoice_dev/examples/libritts/cosyvoice2/data/m3ed/test/A_huanlesong_14_30.wav
/root/autodl-tmp/CosyVoice_dev/examples/libritts/cosyvoice2/exp/cosyvoice/test_dpo_epoch_1/instruct/liuchanhg_229_fear_0.wav	/root/autodl-tmp/CosyVoice_dev/examples/libritts/cosyvoice2/data/m3ed/test/A_guainiguofenmeili_3_24.wav
/root/autodl-tmp/CosyVoice_dev/examples/libritts/cosyvoice2/exp/cosyvoice/test_dpo_epoch_1/instruct/ZhaoZuoxiang_205_surprise_0.wav	/root/autodl-tmp/CosyVoice_dev/examples/libritts/cosyvoice2/data/m3ed/test/A_guainiguofenmeili_9_13.wav
/root/autodl-tmp/CosyVoice_dev/examples/libritts/cosyvoice2/exp/cosyvoice/test_dpo_epoch_1/instruct/ZhaoZuoxiang_220_surprise_0.wav	/root/autodl-tmp/CosyVoice_dev/examples/libritts/cosyvoice2/data/m3ed/test/A_rucikeaidewomen_10_11.wav
/root/autodl-tmp/CosyVoice_dev/examples/libritts/cosyvoice2/exp/cosyvoice/test_dpo_epoch_1/instruct/ZhaoZuoxiang_250_neutral_0.wav	/root/autodl-tmp/CosyVoice_dev/examples/libritts/cosyvoice2/data/m3ed/test/A_jiayouernv_16_19.wav
/root/autodl-tmp/CosyVoice_dev/examples/libritts/cosyvoice2/exp/cosyvoice/test_dpo_epoch_1/instruct/ZhaoZuoxiang_235_neutral_0.wav	/root/autodl-tmp/CosyVoice_dev/examples/libritts/cosyvoice2/data/m3ed/test/A_huanlesong_19_4.wav
/root/autodl-tmp/CosyVoice_dev/examples/libritts/cosyvoice2/exp/cosyvoice/test_dpo_epoch_1/instruct/ZhaoZuoxiang_243_neutral_0.wav	/root/autodl-tmp/CosyVoice_dev/examples/libritts/cosyvoice2/data/m3ed/test/A_guainiguofenmeili_3_20.wav
/root/autodl-tmp/CosyVoice_dev/examples/libritts/cosyvoice2/exp/cosyvoice/test_dpo_epoch_1/instruct/ZhaoZuoxiang_234_neutral_0.wav	/root/autodl-tmp/CosyVoice_dev/examples/libritts/cosyvoice2/data/m3ed/test/A_guainiguofenmeili_8_2.wav
/root/autodl-tmp/CosyVoice_dev/examples/libritts/cosyvoice2/exp/cosyvoice/test_dpo_epoch_1/instruct/liuchanhg_250_angry_0.wav	/root/autodl-tmp/CosyVoice_dev/examples/libritts/cosyvoice2/data/m3ed/test/A_huanlesong_13_2.wav
/root/autodl-tmp/CosyVoice_dev/examples/libritts/cosyvoice2/exp/cosyvoice/test_dpo_epoch_1/instruct/zhaoquanyin_215_fear_0.wav	/root/autodl-tmp/CosyVoice_dev/examples/libritts/cosyvoice2/data/m3ed/test/A_liujinsuiyue_19_19.wav
/root/autodl-tmp/CosyVoice_dev/examples/libritts/cosyvoice2/exp/cosyvoice/test_dpo_epoch_1/instruct/zhaoquanyin_227_sad_0.wav	/root/autodl-tmp/CosyVoice_dev/examples/libritts/cosyvoice2/data/m3ed/test/A_guainiguofenmeili_9_14.wav
/root/autodl-tmp/CosyVoice_dev/examples/libritts/cosyvoice2/exp/cosyvoice/test_dpo_epoch_1/instruct/zhaoquanyin_214_fear_0.wav	/root/autodl-tmp/CosyVoice_dev/examples/libritts/cosyvoice2/data/m3ed/test/A_huanlesong_1_19.wav
/root/autodl-tmp/CosyVoice_dev/examples/libritts/cosyvoice2/exp/cosyvoice/test_dpo_epoch_1/instruct/zhaoquanyin_225_sad_0.wav	/root/autodl-tmp/CosyVoice_dev/examples/libritts/cosyvoice2/data/m3ed/test/A_huanlesong_10_4.wav
/root/autodl-tmp/CosyVoice_dev/examples/libritts/cosyvoice2/exp/cosyvoice/test_dpo_epoch_1/instruct/zhaoquanyin_204_neutral_0.wav	/root/autodl-tmp/CosyVoice_dev/examples/libritts/cosyvoice2/data/m3ed/test/A_jiayouernv_9_1.wav
/root/autodl-tmp/CosyVoice_dev/examples/libritts/cosyvoice2/exp/cosyvoice/test_dpo_epoch_1/instruct/zhaoquanyin_205_neutral_0.wav	/root/autodl-tmp/CosyVoice_dev/examples/libritts/cosyvoice2/data/m3ed/test/A_huanlesong_16_12.wav
/root/autodl-tmp/CosyVoice_dev/examples/libritts/cosyvoice2/exp/cosyvoice/test_dpo_epoch_1/instruct/zhaoquanyin_206_neutral_0.wav	/root/autodl-tmp/CosyVoice_dev/examples/libritts/cosyvoice2/data/m3ed/test/A_guainiguofenmeili_8_7.wav
/root/autodl-tmp/CosyVoice_dev/examples/libritts/cosyvoice2/exp/cosyvoice/test_dpo_epoch_1/instruct/ZhaoZuoxiang_201_neutral_0.wav	/root/autodl-tmp/CosyVoice_dev/examples/libritts/cosyvoice2/data/m3ed/test/A_guainiguofenmeili_5_7.wav
/root/autodl-tmp/CosyVoice_dev/examples/libritts/cosyvoice2/exp/cosyvoice/test_dpo_epoch_1/instruct/wangzhe_239_angry_0.wav	/root/autodl-tmp/CosyVoice_dev/examples/libritts/cosyvoice2/data/m3ed/test/A_huanlesong_13_30.wav
/root/autodl-tmp/CosyVoice_dev/examples/libritts/cosyvoice2/exp/cosyvoice/test_dpo_epoch_1/instruct/ZhaoZuoxiang_233_neutral_0.wav	/root/autodl-tmp/CosyVoice_dev/examples/libritts/cosyvoice2/data/m3ed/test/A_huanlesong_5_18.wav
/root/autodl-tmp/CosyVoice_dev/examples/libritts/cosyvoice2/exp/cosyvoice/test_dpo_epoch_1/instruct/liuchanhg_243_sad_0.wav	/root/autodl-tmp/CosyVoice_dev/examples/libritts/cosyvoice2/data/m3ed/test/A_luohunshidai_4_6.wav
/root/autodl-tmp/CosyVoice_dev/examples/libritts/cosyvoice2/exp/cosyvoice/test_dpo_epoch_1/instruct/zhaoquanyin_242_sad_0.wav	/root/autodl-tmp/CosyVoice_dev/examples/libritts/cosyvoice2/data/m3ed/test/A_xiangjianni_2_6.wav
/root/autodl-tmp/CosyVoice_dev/examples/libritts/cosyvoice2/exp/cosyvoice/test_dpo_epoch_1/instruct/ZhaoZuoxiang_216_angry_0.wav	/root/autodl-tmp/CosyVoice_dev/examples/libritts/cosyvoice2/data/m3ed/test/A_huanlesong_13_28.wav
/root/autodl-tmp/CosyVoice_dev/examples/libritts/cosyvoice2/exp/cosyvoice/test_dpo_epoch_1/instruct/zhaoquanyin_233_sad_0.wav	/root/autodl-tmp/CosyVoice_dev/examples/libritts/cosyvoice2/data/m3ed/test/A_jiayouernv_9_23.wav
/root/autodl-tmp/CosyVoice_dev/examples/libritts/cosyvoice2/exp/cosyvoice/test_dpo_epoch_1/instruct/ZhaoZuoxiang_241_neutral_0.wav	/root/autodl-tmp/CosyVoice_dev/examples/libritts/cosyvoice2/data/m3ed/test/A_huanlesong_10_20.wav
/root/autodl-tmp/CosyVoice_dev/examples/libritts/cosyvoice2/exp/cosyvoice/test_dpo_epoch_1/instruct/ZhaoZuoxiang_213_neutral_0.wav	/root/autodl-tmp/CosyVoice_dev/examples/libritts/cosyvoice2/data/m3ed/test/B_huanlesong_20_3.wav
/root/autodl-tmp/CosyVoice_dev/examples/libritts/cosyvoice2/exp/cosyvoice/test_dpo_epoch_1/instruct/zhaoquanyin_243_sad_0.wav	/root/autodl-tmp/CosyVoice_dev/examples/libritts/cosyvoice2/data/m3ed/test/A_huanlesong_14_7.wav
/root/autodl-tmp/CosyVoice_dev/examples/libritts/cosyvoice2/exp/cosyvoice/test_dpo_epoch_1/instruct/wangzhe_204_sad_0.wav	/root/autodl-tmp/CosyVoice_dev/examples/libritts/cosyvoice2/data/m3ed/test/A_guainiguofenmeili_8_14.wav
/root/autodl-tmp/CosyVoice_dev/examples/libritts/cosyvoice2/exp/cosyvoice/test_dpo_epoch_1/instruct/liuchanhg_233_fear_0.wav	/root/autodl-tmp/CosyVoice_dev/examples/libritts/cosyvoice2/data/m3ed/test/A_guainiguofenmeili_6_14.wav
/root/autodl-tmp/CosyVoice_dev/examples/libritts/cosyvoice2/exp/cosyvoice/test_dpo_epoch_1/instruct/ZhaoZuoxiang_243_surprise_0.wav	/root/autodl-tmp/CosyVoice_dev/examples/libritts/cosyvoice2/data/m3ed/test/A_guainiguofenmeili_3_2.wav
/root/autodl-tmp/CosyVoice_dev/examples/libritts/cosyvoice2/exp/cosyvoice/test_dpo_epoch_1/instruct/ZhaoZuoxiang_230_surprise_0.wav	/root/autodl-tmp/CosyVoice_dev/examples/libritts/cosyvoice2/data/m3ed/test/A_jiayouernv_13_5.wav
/root/autodl-tmp/CosyVoice_dev/examples/libritts/cosyvoice2/exp/cosyvoice/test_dpo_epoch_1/instruct/ZhaoZuoxiang_238_surprise_0.wav	/root/autodl-tmp/CosyVoice_dev/examples/libritts/cosyvoice2/data/m3ed/test/B_huanlesong_20_9.wav
/root/autodl-tmp/CosyVoice_dev/examples/libritts/cosyvoice2/exp/cosyvoice/test_dpo_epoch_1/instruct/ZhaoZuoxiang_222_surprise_0.wav	/root/autodl-tmp/CosyVoice_dev/examples/libritts/cosyvoice2/data/m3ed/test/A_huanlesong_4_21.wav
/root/autodl-tmp/CosyVoice_dev/examples/libritts/cosyvoice2/exp/cosyvoice/test_dpo_epoch_1/instruct/ZhaoZuoxiang_219_sad_0.wav	/root/autodl-tmp/CosyVoice_dev/examples/libritts/cosyvoice2/data/m3ed/test/A_guainiguofenmeili_5_9.wav
/root/autodl-tmp/CosyVoice_dev/examples/libritts/cosyvoice2/exp/cosyvoice/test_dpo_epoch_1/instruct/liuchanhg_237_sad_0.wav	/root/autodl-tmp/CosyVoice_dev/examples/libritts/cosyvoice2/data/m3ed/test/A_guainiguofenmeili_5_8.wav
/root/autodl-tmp/CosyVoice_dev/examples/libritts/cosyvoice2/exp/cosyvoice/test_dpo_epoch_1/instruct/ZhaoZuoxiang_236_sad_0.wav	/root/autodl-tmp/CosyVoice_dev/examples/libritts/cosyvoice2/data/m3ed/test/A_huanlesong_12_30.wav
/root/autodl-tmp/CosyVoice_dev/examples/libritts/cosyvoice2/exp/cosyvoice/test_dpo_epoch_1/instruct/liuchanhg_227_sad_0.wav	/root/autodl-tmp/CosyVoice_dev/examples/libritts/cosyvoice2/data/m3ed/test/A_huanlesong_8_4.wav
/root/autodl-tmp/CosyVoice_dev/examples/libritts/cosyvoice2/exp/cosyvoice/test_dpo_epoch_1/instruct/zhaoquanyin_204_sad_0.wav	/root/autodl-tmp/CosyVoice_dev/examples/libritts/cosyvoice2/data/m3ed/test/A_huanlesong_1_22.wav
/root/autodl-tmp/CosyVoice_dev/examples/libritts/cosyvoice2/exp/cosyvoice/test_dpo_epoch_1/instruct/zhaoquanyin_224_fear_0.wav	/root/autodl-tmp/CosyVoice_dev/examples/libritts/cosyvoice2/data/m3ed/test/A_huanlesong_9_11.wav
/root/autodl-tmp/CosyVoice_dev/examples/libritts/cosyvoice2/exp/cosyvoice/test_dpo_epoch_1/instruct/ZhaoZuoxiang_217_angry_0.wav	/root/autodl-tmp/CosyVoice_dev/examples/libritts/cosyvoice2/data/m3ed/test/A_guainiguofenmeili_12_4.wav
/root/autodl-tmp/CosyVoice_dev/examples/libritts/cosyvoice2/exp/cosyvoice/test_dpo_epoch_1/instruct/liuchanhg_247_fear_0.wav	/root/autodl-tmp/CosyVoice_dev/examples/libritts/cosyvoice2/data/m3ed/test/A_guainiguofenmeili_9_10.wav
/root/autodl-tmp/CosyVoice_dev/examples/libritts/cosyvoice2/exp/cosyvoice/test_dpo_epoch_1/instruct/liuchanhg_228_sad_0.wav	/root/autodl-tmp/CosyVoice_dev/examples/libritts/cosyvoice2/data/m3ed/test/A_guainiguofenmeili_7_11.wav
/root/autodl-tmp/CosyVoice_dev/examples/libritts/cosyvoice2/exp/cosyvoice/test_dpo_epoch_1/instruct/zhaoquanyin_217_sad_0.wav	/root/autodl-tmp/CosyVoice_dev/examples/libritts/cosyvoice2/data/m3ed/test/A_jiayouernv_8_22.wav
/root/autodl-tmp/CosyVoice_dev/examples/libritts/cosyvoice2/exp/cosyvoice/test_dpo_epoch_1/instruct/zhaoquanyin_224_sad_0.wav	/root/autodl-tmp/CosyVoice_dev/examples/libritts/cosyvoice2/data/m3ed/test/A_guainiguofenmeili_12_1.wav
/root/autodl-tmp/CosyVoice_dev/examples/libritts/cosyvoice2/exp/cosyvoice/test_dpo_epoch_1/instruct/liuchanhg_245_fear_0.wav	/root/autodl-tmp/CosyVoice_dev/examples/libritts/cosyvoice2/data/m3ed/test/A_liujinsuiyue_9_14.wav
/root/autodl-tmp/CosyVoice_dev/examples/libritts/cosyvoice2/exp/cosyvoice/test_dpo_epoch_1/instruct/liuchanhg_222_fear_0.wav	/root/autodl-tmp/CosyVoice_dev/examples/libritts/cosyvoice2/data/m3ed/test/A_huanlesong_5_46.wav
/root/autodl-tmp/CosyVoice_dev/examples/libritts/cosyvoice2/exp/cosyvoice/test_dpo_epoch_1/instruct/liuchanhg_246_fear_0.wav	/root/autodl-tmp/CosyVoice_dev/examples/libritts/cosyvoice2/data/m3ed/test/A_jiayouernv_8_3.wav
/root/autodl-tmp/CosyVoice_dev/examples/libritts/cosyvoice2/exp/cosyvoice/test_dpo_epoch_1/instruct/ZhaoZuoxiang_227_angry_0.wav	/root/autodl-tmp/CosyVoice_dev/examples/libritts/cosyvoice2/data/m3ed/test/B_xiangjianni_14_9.wav
/root/autodl-tmp/CosyVoice_dev/examples/libritts/cosyvoice2/exp/cosyvoice/test_dpo_epoch_1/instruct/liuchanhg_229_sad_0.wav	/root/autodl-tmp/CosyVoice_dev/examples/libritts/cosyvoice2/data/m3ed/test/A_guainiguofenmeili_11_20.wav
/root/autodl-tmp/CosyVoice_dev/examples/libritts/cosyvoice2/exp/cosyvoice/test_dpo_epoch_1/instruct/liuchanhg_238_fear_0.wav	/root/autodl-tmp/CosyVoice_dev/examples/libritts/cosyvoice2/data/m3ed/test/A_huanlesong_4_12.wav
/root/autodl-tmp/CosyVoice_dev/examples/libritts/cosyvoice2/exp/cosyvoice/test_dpo_epoch_1/instruct/zhaoquanyin_208_fear_0.wav	/root/autodl-tmp/CosyVoice_dev/examples/libritts/cosyvoice2/data/m3ed/test/A_jiayouernv_10_20.wav
/root/autodl-tmp/CosyVoice_dev/examples/libritts/cosyvoice2/exp/cosyvoice/test_dpo_epoch_1/instruct/zhaoquanyin_208_sad_0.wav	/root/autodl-tmp/CosyVoice_dev/examples/libritts/cosyvoice2/data/m3ed/test/A_guainiguofenmeili_4_8.wav
/root/autodl-tmp/CosyVoice_dev/examples/libritts/cosyvoice2/exp/cosyvoice/test_dpo_epoch_1/instruct/ZhaoZuoxiang_228_surprise_0.wav	/root/autodl-tmp/CosyVoice_dev/examples/libritts/cosyvoice2/data/m3ed/test/A_huanlesong_16_18.wav
/root/autodl-tmp/CosyVoice_dev/examples/libritts/cosyvoice2/exp/cosyvoice/test_dpo_epoch_1/instruct/ZhaoZuoxiang_236_surprise_0.wav	/root/autodl-tmp/CosyVoice_dev/examples/libritts/cosyvoice2/data/m3ed/test/A_huanlesong_10_38.wav
/root/autodl-tmp/CosyVoice_dev/examples/libritts/cosyvoice2/exp/cosyvoice/test_dpo_epoch_1/instruct/ZhaoZuoxiang_205_fear_0.wav	/root/autodl-tmp/CosyVoice_dev/examples/libritts/cosyvoice2/data/m3ed/test/A_liujinsuiyue_16_5.wav
/root/autodl-tmp/CosyVoice_dev/examples/libritts/cosyvoice2/exp/cosyvoice/test_dpo_epoch_1/instruct/ZhaoZuoxiang_240_fear_0.wav	/root/autodl-tmp/CosyVoice_dev/examples/libritts/cosyvoice2/data/m3ed/test/B_jiayouernv_15_4.wav
/root/autodl-tmp/CosyVoice_dev/examples/libritts/cosyvoice2/exp/cosyvoice/test_dpo_epoch_1/instruct/liuchanhg_217_sad_0.wav	/root/autodl-tmp/CosyVoice_dev/examples/libritts/cosyvoice2/data/m3ed/test/A_jiayouernv_1_3.wav
/root/autodl-tmp/CosyVoice_dev/examples/libritts/cosyvoice2/exp/cosyvoice/test_dpo_epoch_1/instruct/ZhaoZuoxiang_201_angry_0.wav	/root/autodl-tmp/CosyVoice_dev/examples/libritts/cosyvoice2/data/m3ed/test/A_guainiguofenmeili_11_21.wav
/root/autodl-tmp/CosyVoice_dev/examples/libritts/cosyvoice2/exp/cosyvoice/test_dpo_epoch_1/instruct/ZhaoZuoxiang_210_happy_0.wav	/root/autodl-tmp/CosyVoice_dev/examples/libritts/cosyvoice2/data/m3ed/test/A_liujinsuiyue_18_23.wav
/root/autodl-tmp/CosyVoice_dev/examples/libritts/cosyvoice2/exp/cosyvoice/test_dpo_epoch_1/instruct/ZhaoZuoxiang_205_sad_0.wav	/root/autodl-tmp/CosyVoice_dev/examples/libritts/cosyvoice2/data/m3ed/test/A_xiaohuanxi_4_20.wav
/root/autodl-tmp/CosyVoice_dev/examples/libritts/cosyvoice2/exp/cosyvoice/test_dpo_epoch_1/instruct/ZhaoZuoxiang_248_fear_0.wav	/root/autodl-tmp/CosyVoice_dev/examples/libritts/cosyvoice2/data/m3ed/test/A_huanlesong_14_39.wav
/root/autodl-tmp/CosyVoice_dev/examples/libritts/cosyvoice2/exp/cosyvoice/test_dpo_epoch_1/instruct/ZhaoZuoxiang_233_surprise_0.wav	/root/autodl-tmp/CosyVoice_dev/examples/libritts/cosyvoice2/data/m3ed/test/A_guainiguofenmeili_7_4.wav
/root/autodl-tmp/CosyVoice_dev/examples/libritts/cosyvoice2/exp/cosyvoice/test_dpo_epoch_1/instruct/ZhaoZuoxiang_247_surprise_0.wav	/root/autodl-tmp/CosyVoice_dev/examples/libritts/cosyvoice2/data/m3ed/test/A_jiayouernv_8_2.wav
/root/autodl-tmp/CosyVoice_dev/examples/libritts/cosyvoice2/exp/cosyvoice/test_dpo_epoch_1/instruct/ZhaoZuoxiang_232_sad_0.wav	/root/autodl-tmp/CosyVoice_dev/examples/libritts/cosyvoice2/data/m3ed/test/A_jiayouernv_10_12.wav
/root/autodl-tmp/CosyVoice_dev/examples/libritts/cosyvoice2/exp/cosyvoice/test_dpo_epoch_1/instruct/liuchanhg_234_sad_0.wav	/root/autodl-tmp/CosyVoice_dev/examples/libritts/cosyvoice2/data/m3ed/test/A_huanlesong_14_40.wav
/root/autodl-tmp/CosyVoice_dev/examples/libritts/cosyvoice2/exp/cosyvoice/test_dpo_epoch_1/instruct/ZhaoZuoxiang_210_angry_0.wav	/root/autodl-tmp/CosyVoice_dev/examples/libritts/cosyvoice2/data/m3ed/test/A_xiayizhanshixingfu_7_2.wav
/root/autodl-tmp/CosyVoice_dev/examples/libritts/cosyvoice2/exp/cosyvoice/test_dpo_epoch_1/instruct/liuchanhg_239_sad_0.wav	/root/autodl-tmp/CosyVoice_dev/examples/libritts/cosyvoice2/data/m3ed/test/A_jiayouernv_5_7.wav
/root/autodl-tmp/CosyVoice_dev/examples/libritts/cosyvoice2/exp/cosyvoice/test_dpo_epoch_1/instruct/ZhaoZuoxiang_203_fear_0.wav	/root/autodl-tmp/CosyVoice_dev/examples/libritts/cosyvoice2/data/m3ed/test/A_jiayouernv_15_3.wav
/root/autodl-tmp/CosyVoice_dev/examples/libritts/cosyvoice2/exp/cosyvoice/test_dpo_epoch_1/instruct/ZhaoZuoxiang_208_fear_0.wav	/root/autodl-tmp/CosyVoice_dev/examples/libritts/cosyvoice2/data/m3ed/test/A_guainiguofenmeili_9_5.wav
/root/autodl-tmp/CosyVoice_dev/examples/libritts/cosyvoice2/exp/cosyvoice/test_dpo_epoch_1/instruct/ZhaoZuoxiang_223_happy_0.wav	/root/autodl-tmp/CosyVoice_dev/examples/libritts/cosyvoice2/data/m3ed/test/B_jiayouernv_3_13.wav
/root/autodl-tmp/CosyVoice_dev/examples/libritts/cosyvoice2/exp/cosyvoice/test_dpo_epoch_1/instruct/ZhaoZuoxiang_228_happy_0.wav	/root/autodl-tmp/CosyVoice_dev/examples/libritts/cosyvoice2/data/m3ed/test/A_xiayizhanshixingfu_11_3.wav
/root/autodl-tmp/CosyVoice_dev/examples/libritts/cosyvoice2/exp/cosyvoice/test_dpo_epoch_1/instruct/ZhaoZuoxiang_224_happy_0.wav	/root/autodl-tmp/CosyVoice_dev/examples/libritts/cosyvoice2/data/m3ed/test/A_rucikeaidewomen_4_1.wav
/root/autodl-tmp/CosyVoice_dev/examples/libritts/cosyvoice2/exp/cosyvoice/test_dpo_epoch_1/instruct/liuchanhg_241_sad_0.wav	/root/autodl-tmp/CosyVoice_dev/examples/libritts/cosyvoice2/data/m3ed/test/A_guainiguofenmeili_1_7.wav
/root/autodl-tmp/CosyVoice_dev/examples/libritts/cosyvoice2/exp/cosyvoice/test_dpo_epoch_1/instruct/ZhaoZuoxiang_225_surprise_0.wav	/root/autodl-tmp/CosyVoice_dev/examples/libritts/cosyvoice2/data/m3ed/test/A_huanlesong_16_23.wav
/root/autodl-tmp/CosyVoice_dev/examples/libritts/cosyvoice2/exp/cosyvoice/test_dpo_epoch_1/instruct/zhaoquanyin_249_fear_0.wav	/root/autodl-tmp/CosyVoice_dev/examples/libritts/cosyvoice2/data/m3ed/test/A_guainiguofenmeili_8_16.wav
/root/autodl-tmp/CosyVoice_dev/examples/libritts/cosyvoice2/exp/cosyvoice/test_dpo_epoch_1/instruct/ZhaoZuoxiang_233_sad_0.wav	/root/autodl-tmp/CosyVoice_dev/examples/libritts/cosyvoice2/data/m3ed/test/A_liujinsuiyue_10_13.wav
/root/autodl-tmp/CosyVoice_dev/examples/libritts/cosyvoice2/exp/cosyvoice/test_dpo_epoch_1/instruct/ZhaoZuoxiang_245_sad_0.wav	/root/autodl-tmp/CosyVoice_dev/examples/libritts/cosyvoice2/data/m3ed/test/A_huanlesong_14_6.wav
/root/autodl-tmp/CosyVoice_dev/examples/libritts/cosyvoice2/exp/cosyvoice/test_dpo_epoch_1/instruct/ZhaoZuoxiang_239_angry_0.wav	/root/autodl-tmp/CosyVoice_dev/examples/libritts/cosyvoice2/data/m3ed/test/A_guainiguofenmeili_11_19.wav
/root/autodl-tmp/CosyVoice_dev/examples/libritts/cosyvoice2/exp/cosyvoice/test_dpo_epoch_1/instruct/ZhaoZuoxiang_240_angry_0.wav	/root/autodl-tmp/CosyVoice_dev/examples/libritts/cosyvoice2/data/m3ed/test/A_huanlesong_17_10.wav
/root/autodl-tmp/CosyVoice_dev/examples/libritts/cosyvoice2/exp/cosyvoice/test_dpo_epoch_1/instruct/ZhaoZuoxiang_243_sad_0.wav	/root/autodl-tmp/CosyVoice_dev/examples/libritts/cosyvoice2/data/m3ed/test/A_guainiguofenmeili_2_4.wav
/root/autodl-tmp/CosyVoice_dev/examples/libritts/cosyvoice2/exp/cosyvoice/test_dpo_epoch_1/instruct/liuchanhg_242_sad_0.wav	/root/autodl-tmp/CosyVoice_dev/examples/libritts/cosyvoice2/data/m3ed/test/A_huanlesong_18_14.wav
/root/autodl-tmp/CosyVoice_dev/examples/libritts/cosyvoice2/exp/cosyvoice/test_dpo_epoch_1/instruct/ZhaoZuoxiang_234_fear_0.wav	/root/autodl-tmp/CosyVoice_dev/examples/libritts/cosyvoice2/data/m3ed/test/A_luohunshidai_1_3.wav
/root/autodl-tmp/CosyVoice_dev/examples/libritts/cosyvoice2/exp/cosyvoice/test_dpo_epoch_1/instruct/ZhaoZuoxiang_225_happy_0.wav	/root/autodl-tmp/CosyVoice_dev/examples/libritts/cosyvoice2/data/m3ed/test/A_guainiguofenmeili_9_1.wav
/root/autodl-tmp/CosyVoice_dev/examples/libritts/cosyvoice2/exp/cosyvoice/test_dpo_epoch_1/instruct/ZhaoZuoxiang_212_happy_0.wav	/root/autodl-tmp/CosyVoice_dev/examples/libritts/cosyvoice2/data/m3ed/test/A_jiayouernv_10_13.wav
/root/autodl-tmp/CosyVoice_dev/examples/libritts/cosyvoice2/exp/cosyvoice/test_dpo_epoch_1/instruct/ZhaoZuoxiang_203_happy_0.wav	/root/autodl-tmp/CosyVoice_dev/examples/libritts/cosyvoice2/data/m3ed/test/A_huanlesong_19_3.wav
/root/autodl-tmp/CosyVoice_dev/examples/libritts/cosyvoice2/exp/cosyvoice/test_dpo_epoch_1/instruct/ZhaoZuoxiang_241_happy_0.wav	/root/autodl-tmp/CosyVoice_dev/examples/libritts/cosyvoice2/data/m3ed/test/A_huanlesong_16_19.wav
/root/autodl-tmp/CosyVoice_dev/examples/libritts/cosyvoice2/exp/cosyvoice/test_dpo_epoch_1/instruct/ZhaoZuoxiang_212_surprise_0.wav	/root/autodl-tmp/CosyVoice_dev/examples/libritts/cosyvoice2/data/m3ed/test/A_huanlesong_11_20.wav
/root/autodl-tmp/CosyVoice_dev/examples/libritts/cosyvoice2/exp/cosyvoice/test_dpo_epoch_1/instruct/ZhaoZuoxiang_231_sad_0.wav	/root/autodl-tmp/CosyVoice_dev/examples/libritts/cosyvoice2/data/m3ed/test/B_xiangjianni_10_17.wav
/root/autodl-tmp/CosyVoice_dev/examples/libritts/cosyvoice2/exp/cosyvoice/test_dpo_epoch_1/instruct/ZhaoZuoxiang_226_sad_0.wav	/root/autodl-tmp/CosyVoice_dev/examples/libritts/cosyvoice2/data/m3ed/test/A_huanlesong_10_11.wav
/root/autodl-tmp/CosyVoice_dev/examples/libritts/cosyvoice2/exp/cosyvoice/test_dpo_epoch_1/instruct/ZhaoZuoxiang_240_sad_0.wav	/root/autodl-tmp/CosyVoice_dev/examples/libritts/cosyvoice2/data/m3ed/test/A_huanlesong_17_33.wav
/root/autodl-tmp/CosyVoice_dev/examples/libritts/cosyvoice2/exp/cosyvoice/test_dpo_epoch_1/instruct/ZhaoZuoxiang_232_angry_0.wav	/root/autodl-tmp/CosyVoice_dev/examples/libritts/cosyvoice2/data/m3ed/test/A_huanlesong_14_27.wav
/root/autodl-tmp/CosyVoice_dev/examples/libritts/cosyvoice2/exp/cosyvoice/test_dpo_epoch_1/instruct/ZhaoZuoxiang_231_surprise_0.wav	/root/autodl-tmp/CosyVoice_dev/examples/libritts/cosyvoice2/data/m3ed/test/A_guainiguofenmeili_8_15.wav
/root/autodl-tmp/CosyVoice_dev/examples/libritts/cosyvoice2/exp/cosyvoice/test_dpo_epoch_1/instruct/ZhaoZuoxiang_211_fear_0.wav	/root/autodl-tmp/CosyVoice_dev/examples/libritts/cosyvoice2/data/m3ed/test/A_guainiguofenmeili_11_16.wav
/root/autodl-tmp/CosyVoice_dev/examples/libritts/cosyvoice2/exp/cosyvoice/test_dpo_epoch_1/instruct/ZhaoZuoxiang_207_fear_0.wav	/root/autodl-tmp/CosyVoice_dev/examples/libritts/cosyvoice2/data/m3ed/test/A_huanlesong_16_2.wav
/root/autodl-tmp/CosyVoice_dev/examples/libritts/cosyvoice2/exp/cosyvoice/test_dpo_epoch_1/instruct/ZhaoZuoxiang_227_happy_0.wav	/root/autodl-tmp/CosyVoice_dev/examples/libritts/cosyvoice2/data/m3ed/test/B_xiangjianni_10_16.wav
/root/autodl-tmp/CosyVoice_dev/examples/libritts/cosyvoice2/exp/cosyvoice/test_dpo_epoch_1/instruct/ZhaoZuoxiang_217_sad_0.wav	/root/autodl-tmp/CosyVoice_dev/examples/libritts/cosyvoice2/data/m3ed/test/A_jiayouernv_9_4.wav
/root/autodl-tmp/CosyVoice_dev/examples/libritts/cosyvoice2/exp/cosyvoice/test_dpo_epoch_1/instruct/ZhaoZuoxiang_244_fear_0.wav	/root/autodl-tmp/CosyVoice_dev/examples/libritts/cosyvoice2/data/m3ed/test/A_jiayouernv_5_9.wav
/root/autodl-tmp/CosyVoice_dev/examples/libritts/cosyvoice2/exp/cosyvoice/test_dpo_epoch_1/instruct/ZhaoZuoxiang_246_sad_0.wav	/root/autodl-tmp/CosyVoice_dev/examples/libritts/cosyvoice2/data/m3ed/test/A_guainiguofenmeili_6_1.wav
/root/autodl-tmp/CosyVoice_dev/examples/libritts/cosyvoice2/exp/cosyvoice/test_dpo_epoch_1/instruct/ZhaoZuoxiang_249_happy_0.wav	/root/autodl-tmp/CosyVoice_dev/examples/libritts/cosyvoice2/data/m3ed/test/A_huanlesong_8_19.wav
/root/autodl-tmp/CosyVoice_dev/examples/libritts/cosyvoice2/exp/cosyvoice/test_dpo_epoch_1/instruct/ZhaoZuoxiang_210_fear_0.wav	/root/autodl-tmp/CosyVoice_dev/examples/libritts/cosyvoice2/data/m3ed/test/A_guainiguofenmeili_5_10.wav
/root/autodl-tmp/CosyVoice_dev/examples/libritts/cosyvoice2/exp/cosyvoice/test_dpo_epoch_1/instruct/ZhaoZuoxiang_222_sad_0.wav	/root/autodl-tmp/CosyVoice_dev/examples/libritts/cosyvoice2/data/m3ed/test/A_jiayouernv_9_32.wav
/root/autodl-tmp/CosyVoice_dev/examples/libritts/cosyvoice2/exp/cosyvoice/test_dpo_epoch_1/instruct/ZhaoZuoxiang_249_sad_0.wav	/root/autodl-tmp/CosyVoice_dev/examples/libritts/cosyvoice2/data/m3ed/test/A_huanlesong_4_3.wav
/root/autodl-tmp/CosyVoice_dev/examples/libritts/cosyvoice2/exp/cosyvoice/test_dpo_epoch_1/instruct/ZhaoZuoxiang_212_fear_0.wav	/root/autodl-tmp/CosyVoice_dev/examples/libritts/cosyvoice2/data/m3ed/test/A_huanlesong_10_21.wav
/root/autodl-tmp/CosyVoice_dev/examples/libritts/cosyvoice2/exp/cosyvoice/test_dpo_epoch_1/instruct/ZhaoZuoxiang_250_angry_0.wav	/root/autodl-tmp/CosyVoice_dev/examples/libritts/cosyvoice2/data/m3ed/test/A_jiayouernv_10_14.wav
/root/autodl-tmp/CosyVoice_dev/examples/libritts/cosyvoice2/exp/cosyvoice/test_dpo_epoch_1/instruct/ZhaoZuoxiang_214_happy_0.wav	/root/autodl-tmp/CosyVoice_dev/examples/libritts/cosyvoice2/data/m3ed/test/A_huanlesong_4_19.wav
/root/autodl-tmp/CosyVoice_dev/examples/libritts/cosyvoice2/exp/cosyvoice/test_dpo_epoch_1/instruct/ZhaoZuoxiang_201_happy_0.wav	/root/autodl-tmp/CosyVoice_dev/examples/libritts/cosyvoice2/data/m3ed/test/A_huanlesong_4_6.wav
/root/autodl-tmp/CosyVoice_dev/examples/libritts/cosyvoice2/exp/cosyvoice/test_dpo_epoch_1/instruct/ZhaoZuoxiang_248_happy_0.wav	/root/autodl-tmp/CosyVoice_dev/examples/libritts/cosyvoice2/data/m3ed/test/A_huanlesong_18_12.wav
/root/autodl-tmp/CosyVoice_dev/examples/libritts/cosyvoice2/exp/cosyvoice/test_dpo_epoch_1/instruct/ZhaoZuoxiang_222_fear_0.wav	/root/autodl-tmp/CosyVoice_dev/examples/libritts/cosyvoice2/data/m3ed/test/B_xiayizhanshixingfu_6_14.wav
/root/autodl-tmp/CosyVoice_dev/examples/libritts/cosyvoice2/exp/cosyvoice/test_dpo_epoch_1/instruct/ZhaoZuoxiang_217_fear_0.wav	/root/autodl-tmp/CosyVoice_dev/examples/libritts/cosyvoice2/data/m3ed/test/B_xiaohuanxi_4_12.wav
/root/autodl-tmp/CosyVoice_dev/examples/libritts/cosyvoice2/exp/cosyvoice/test_dpo_epoch_1/instruct/ZhaoZuoxiang_244_happy_0.wav	/root/autodl-tmp/CosyVoice_dev/examples/libritts/cosyvoice2/data/m3ed/test/B_jiayouernv_5_6.wav
/root/autodl-tmp/CosyVoice_dev/examples/libritts/cosyvoice2/exp/cosyvoice/test_dpo_epoch_1/instruct/ZhaoZuoxiang_228_sad_0.wav	/root/autodl-tmp/CosyVoice_dev/examples/libritts/cosyvoice2/data/m3ed/test/A_huanlesong_10_1.wav
/root/autodl-tmp/CosyVoice_dev/examples/libritts/cosyvoice2/exp/cosyvoice/test_dpo_epoch_1/instruct/ZhaoZuoxiang_206_sad_0.wav	/root/autodl-tmp/CosyVoice_dev/examples/libritts/cosyvoice2/data/m3ed/test/A_huanlesong_14_10.wav
/root/autodl-tmp/CosyVoice_dev/examples/libritts/cosyvoice2/exp/cosyvoice/test_dpo_epoch_1/instruct/ZhaoZuoxiang_233_fear_0.wav	/root/autodl-tmp/CosyVoice_dev/examples/libritts/cosyvoice2/data/m3ed/test/A_luohunshidai_4_9.wav
